-- MySQL dump 10.13  Distrib 8.0.32, for Win64 (x86_64)
--
-- Host: localhost    Database: kms
-- ------------------------------------------------------
-- Server version	8.0.32

/*!40101 SET @OLD_CHARACTER_SET_CLIENT=@@CHARACTER_SET_CLIENT */;
/*!40101 SET @OLD_CHARACTER_SET_RESULTS=@@CHARACTER_SET_RESULTS */;
/*!40101 SET @OLD_COLLATION_CONNECTION=@@COLLATION_CONNECTION */;
/*!50503 SET NAMES utf8 */;
/*!40103 SET @OLD_TIME_ZONE=@@TIME_ZONE */;
/*!40103 SET TIME_ZONE='+00:00' */;
/*!40014 SET @OLD_UNIQUE_CHECKS=@@UNIQUE_CHECKS, UNIQUE_CHECKS=0 */;
/*!40014 SET @OLD_FOREIGN_KEY_CHECKS=@@FOREIGN_KEY_CHECKS, FOREIGN_KEY_CHECKS=0 */;
/*!40101 SET @OLD_SQL_MODE=@@SQL_MODE, SQL_MODE='NO_AUTO_VALUE_ON_ZERO' */;
/*!40111 SET @OLD_SQL_NOTES=@@SQL_NOTES, SQL_NOTES=0 */;

--
-- Table structure for table `activity`
--
DROP DATABASE IF EXISTS kms;  
CREATE DATABASE kms;           
use kms;
DROP TABLE IF EXISTS `activity`;
/*!40101 SET @saved_cs_client     = @@character_set_client */;
/*!50503 SET character_set_client = utf8mb4 */;
CREATE TABLE `activity` (
  `ActivityId` int NOT NULL AUTO_INCREMENT,
  `ActivityName` varchar(200) DEFAULT NULL,
  `Status` int DEFAULT NULL,
  PRIMARY KEY (`ActivityId`)
) ENGINE=InnoDB AUTO_INCREMENT=19 DEFAULT CHARSET=utf8mb4 COLLATE=utf8mb4_0900_ai_ci;
/*!40101 SET character_set_client = @saved_cs_client */;

--
-- Dumping data for table `activity`
--

LOCK TABLES `activity` WRITE;
/*!40000 ALTER TABLE `activity` DISABLE KEYS */;
INSERT INTO `activity` VALUES (1,'Trả trẻ',1),(2,'Đón trẻ',1),(3,'Ăn sáng',1),(4,'Tiếng Anh/English',1),(5,'Chơi tự do/Play time',1),(6,'Học Bơi/Aquatos',1),(7,'Làm vườn/Gardening',1),(8,'Phát triển thể chất/PE',1),(9,'Ăn trưa/Lunch',1),(10,'Nghỉ trưa',1),(11,'Tạo Hình/Art and craft',1),(12,'Kĩ năng sống/Life skill',1),(13,'Hoạt động/Montessori',1),(14,'Văn học/Vietnam Literature',1),(15,'Âm nhạc/Music',1),(16,'Ăn xế',1),(17,'Echo Music',1),(18,'Dự án học tập/Learning project',1);
/*!40000 ALTER TABLE `activity` ENABLE KEYS */;
UNLOCK TABLES;

--
-- Table structure for table `album`
--

DROP TABLE IF EXISTS `album`;
/*!40101 SET @saved_cs_client     = @@character_set_client */;
/*!50503 SET character_set_client = utf8mb4 */;
CREATE TABLE `album` (
  `AlbumID` int NOT NULL AUTO_INCREMENT,
  `ClassId` int NOT NULL,
  `CreateBy` int NOT NULL,
  `ModifiBy` int NOT NULL,
  `AlbumName` varchar(45) DEFAULT NULL,
  `TimePost` datetime DEFAULT NULL,
  `Description` varchar(45) DEFAULT NULL,
  `status` int DEFAULT NULL,
  `isActive` int DEFAULT NULL,
  `Reason` varchar(100) DEFAULT NULL,
  PRIMARY KEY (`AlbumID`),
  KEY `FK_class_idx` (`ClassId`),
  KEY `createBy_userid_idx` (`CreateBy`),
  KEY `ModifiBy_userID_idx` (`ModifiBy`),
  CONSTRAINT `createBy_userid` FOREIGN KEY (`CreateBy`) REFERENCES `user` (`UserID`),
  CONSTRAINT `FK_class` FOREIGN KEY (`ClassId`) REFERENCES `class` (`ClassID`),
  CONSTRAINT `ModifiBy_userID` FOREIGN KEY (`ModifiBy`) REFERENCES `user` (`UserID`)
) ENGINE=InnoDB AUTO_INCREMENT=15 DEFAULT CHARSET=utf8mb4 COLLATE=utf8mb4_0900_ai_ci;
/*!40101 SET character_set_client = @saved_cs_client */;

--
-- Dumping data for table `album`
--

LOCK TABLES `album` WRITE;
/*!40000 ALTER TABLE `album` DISABLE KEYS */;
INSERT INTO `album` VALUES (9,138,50,50,'Album ngày 09/12/2024','2024-12-09 20:28:33','Hình ảnh sinh hoạt của các bé ngày 09/12/2024',1,1,NULL),(10,138,50,50,'Album ngày 10/12/2024','2024-12-10 20:28:36','Hình ảnh sinh hoạt của các bé ngày 10/12/2024',1,1,NULL),(11,138,50,50,'Album ngày 11/12/2024','2024-12-11 20:28:38','Hình ảnh bữa ăn của các bé ngày 11/12/2024',1,1,NULL),(12,138,50,50,'Album ngày 12/12/2024','2024-12-12 20:33:33','Hình ảnh sinh hoạt của trẻ ngày 12/12/2024',1,1,NULL),(13,138,50,50,'Album ngày  13/12/2024','2024-12-13 20:33:34','Hình ảnh sinh hoạt của trẻ ngày 13/12/2024',1,1,NULL),(14,138,50,50,'Album ngày 14/12/2024','2024-12-14 20:33:35','Hình ảnh bữa ăn của các bé ngày 14/12/2024',1,1,NULL);
/*!40000 ALTER TABLE `album` ENABLE KEYS */;
UNLOCK TABLES;

--
-- Table structure for table `album_has_class`
--

DROP TABLE IF EXISTS `album_has_class`;
/*!40101 SET @saved_cs_client     = @@character_set_client */;
/*!50503 SET character_set_client = utf8mb4 */;
CREATE TABLE `album_has_class` (
  `album_AlbumID` int NOT NULL,
  `class_ClassID` int NOT NULL,
  PRIMARY KEY (`album_AlbumID`,`class_ClassID`),
  KEY `fk_album_has_class_class1_idx` (`class_ClassID`),
  KEY `fk_album_has_class_album1_idx` (`album_AlbumID`),
  CONSTRAINT `fk_album_has_class_album1` FOREIGN KEY (`album_AlbumID`) REFERENCES `album` (`AlbumID`),
  CONSTRAINT `fk_album_has_class_class1` FOREIGN KEY (`class_ClassID`) REFERENCES `class` (`ClassID`)
) ENGINE=InnoDB DEFAULT CHARSET=utf8mb4 COLLATE=utf8mb4_0900_ai_ci;
/*!40101 SET character_set_client = @saved_cs_client */;

--
-- Dumping data for table `album_has_class`
--

LOCK TABLES `album_has_class` WRITE;
/*!40000 ALTER TABLE `album_has_class` DISABLE KEYS */;
/*!40000 ALTER TABLE `album_has_class` ENABLE KEYS */;
UNLOCK TABLES;

--
-- Table structure for table `attendance`
--

DROP TABLE IF EXISTS `attendance`;
/*!40101 SET @saved_cs_client     = @@character_set_client */;
/*!50503 SET character_set_client = utf8mb4 */;
CREATE TABLE `attendance` (
  `AttendanceID` int NOT NULL AUTO_INCREMENT,
  `Type` varchar(10) NOT NULL,
  `CreatedAt` datetime NOT NULL,
  `ClassID` int NOT NULL,
  PRIMARY KEY (`AttendanceID`),
  KEY `fk_attendance_class_idx` (`ClassID`),
  CONSTRAINT `fk_attendance_class` FOREIGN KEY (`ClassID`) REFERENCES `class` (`ClassID`)
) ENGINE=InnoDB AUTO_INCREMENT=216 DEFAULT CHARSET=utf8mb4 COLLATE=utf8mb4_0900_ai_ci;
/*!40101 SET character_set_client = @saved_cs_client */;

--
-- Dumping data for table `attendance`
--

LOCK TABLES `attendance` WRITE;
/*!40000 ALTER TABLE `attendance` DISABLE KEYS */;
INSERT INTO `attendance` VALUES (156,'Checkin','2024-12-09 00:00:00',138),(157,'Checkin','2024-12-09 00:00:00',139),(158,'Attend','2024-12-09 00:00:00',138),(159,'Attend','2024-12-09 00:00:00',139),(160,'Checkout','2024-12-09 00:00:00',138),(161,'Checkout','2024-12-09 00:00:00',139),(162,'Checkin','2024-12-10 00:00:00',138),(163,'Checkin','2024-12-10 00:00:00',139),(164,'Attend','2024-12-10 00:00:00',138),(165,'Attend','2024-12-10 00:00:00',139),(166,'Checkout','2024-12-10 00:00:00',138),(167,'Checkout','2024-12-10 00:00:00',139),(168,'Checkin','2024-12-11 00:00:00',138),(169,'Checkin','2024-12-11 00:00:00',139),(170,'Attend','2024-12-11 00:00:00',138),(171,'Attend','2024-12-11 00:00:00',139),(172,'Checkout','2024-12-11 00:00:00',138),(173,'Checkout','2024-12-11 00:00:00',139),(174,'Checkout','2024-12-13 00:00:00',138),(175,'Checkout','2024-12-13 00:00:00',139),(176,'Attend','2024-12-13 00:00:00',138),(177,'Attend','2024-12-13 00:00:00',139),(178,'Checkin','2024-12-13 00:00:00',138),(179,'Checkin','2024-12-13 00:00:00',139),(180,'Checkin','2024-12-02 00:00:00',138),(181,'Checkin','2024-12-02 00:00:00',139),(182,'Attend','2024-12-02 00:00:00',138),(183,'Attend','2024-12-02 00:00:00',139),(184,'Checkout','2024-12-02 00:00:00',138),(185,'Checkout','2024-12-02 00:00:00',139),(186,'Checkout','2024-12-03 00:00:00',138),(187,'Checkout','2024-12-03 00:00:00',139),(188,'Attend','2024-12-03 00:00:00',138),(189,'Attend','2024-12-03 00:00:00',139),(190,'Checkin','2024-12-03 00:00:00',138),(191,'Checkin','2024-12-03 00:00:00',139),(192,'Checkin','2024-12-04 00:00:00',138),(193,'Checkin','2024-12-04 00:00:00',139),(194,'Attend','2024-12-04 00:00:00',138),(195,'Attend','2024-12-04 00:00:00',139),(196,'Checkout','2024-12-04 00:00:00',138),(197,'Checkout','2024-12-04 00:00:00',139),(198,'Checkout','2024-12-05 00:00:00',138),(199,'Checkout','2024-12-05 00:00:00',139),(200,'Attend','2024-12-05 00:00:00',138),(201,'Attend','2024-12-05 00:00:00',139),(202,'Checkin','2024-12-05 00:00:00',138),(203,'Checkin','2024-12-05 00:00:00',139),(204,'Checkin','2024-12-06 00:00:00',138),(205,'Checkin','2024-12-06 00:00:00',139),(206,'Attend','2024-12-06 00:00:00',138),(207,'Attend','2024-12-06 00:00:00',139),(208,'Checkout','2024-12-06 00:00:00',138),(209,'Checkout','2024-12-06 00:00:00',139),(210,'Checkout','2024-12-12 00:00:00',138),(211,'Checkout','2024-12-12 00:00:00',139),(212,'Attend','2024-12-12 00:00:00',138),(213,'Attend','2024-12-12 00:00:00',139),(214,'Checkin','2024-12-12 00:00:00',138),(215,'Checkin','2024-12-12 00:00:00',139);
/*!40000 ALTER TABLE `attendance` ENABLE KEYS */;
UNLOCK TABLES;

--
-- Table structure for table `attendance_detail`
--

DROP TABLE IF EXISTS `attendance_detail`;
/*!40101 SET @saved_cs_client     = @@character_set_client */;
/*!50503 SET character_set_client = utf8mb4 */;
CREATE TABLE `attendance_detail` (
  `AttendanceDetailID` int NOT NULL AUTO_INCREMENT,
  `AttendanceID` int NOT NULL,
  `StudentID` int NOT NULL,
  `CreatedAt` datetime NOT NULL,
  `Status` varchar(20) NOT NULL,
  `ImageUrl` varchar(255) DEFAULT NULL,
  PRIMARY KEY (`AttendanceDetailID`),
  KEY `fk_attendance_detail_attendance_idx` (`AttendanceID`),
  KEY `fk_attendance_detail_student_idx` (`StudentID`),
  CONSTRAINT `fk_attendance_detail_attendance` FOREIGN KEY (`AttendanceID`) REFERENCES `attendance` (`AttendanceID`),
  CONSTRAINT `fk_attendance_detail_student` FOREIGN KEY (`StudentID`) REFERENCES `children` (`StudentID`)
) ENGINE=InnoDB AUTO_INCREMENT=854 DEFAULT CHARSET=utf8mb4 COLLATE=utf8mb4_0900_ai_ci;
/*!40101 SET character_set_client = @saved_cs_client */;

--
-- Dumping data for table `attendance_detail`
--

LOCK TABLES `attendance_detail` WRITE;
/*!40000 ALTER TABLE `attendance_detail` DISABLE KEYS */;
INSERT INTO `attendance_detail` VALUES (134,156,5,'2024-12-09 07:00:00','Attend','https://res.cloudinary.com/dj0idln0z/image/upload/v1734005409/AttendanceImages/138/2024-12-12/Checkin/8af90f7c-b4e2-4bdb-99b1-4e804c71af2f.png'),(135,156,9,'2024-12-09 07:00:00','Attend','https://res.cloudinary.com/dj0idln0z/image/upload/v1734011155/AttendanceImages/138/2024-12-12/Checkin/ff31563b-d6f3-4d85-b6fb-9057cf896345.png'),(136,156,12,'2024-12-09 07:00:00','Attend',NULL),(137,156,23,'2024-12-09 07:00:00','Attend',NULL),(138,156,25,'2024-12-09 07:00:00','Attend',NULL),(139,156,31,'2024-12-09 07:00:00','Attend',NULL),(140,156,32,'2024-12-09 07:00:00','Attend',NULL),(141,156,34,'2024-12-09 07:00:00','Attend',NULL),(142,156,35,'2024-12-09 07:00:00','Attend',NULL),(143,156,37,'2024-12-09 07:00:00','Attend',NULL),(144,156,39,'2024-12-09 07:00:00','Attend',NULL),(145,156,41,'2024-12-09 07:00:00','Attend',NULL),(146,156,43,'2024-12-09 07:00:00','Attend',NULL),(147,156,45,'2024-12-09 07:00:00','Attend',NULL),(148,156,49,'2024-12-09 07:00:00','Attend',NULL),(149,157,33,'2024-12-09 07:00:00','Attend','https://res.cloudinary.com/dj0idln0z/image/upload/v1734011361/AttendanceImages/139/2024-12-12/Checkin/020ed5b9-38f3-4a64-bdfb-c95403203aea.png'),(150,157,36,'2024-12-09 07:00:00','Attend',NULL),(151,157,38,'2024-12-09 07:00:00','Attend',NULL),(152,157,40,'2024-12-09 07:00:00','Attend',NULL),(153,157,42,'2024-12-09 07:00:00','Attend',NULL),(154,157,44,'2024-12-09 07:00:00','Attend',NULL),(155,157,46,'2024-12-09 07:00:00','Attend',NULL),(156,157,48,'2024-12-09 07:00:00','Attend',NULL),(157,157,50,'2024-12-09 07:00:00','Attend',NULL),(158,158,5,'2024-12-09 07:00:00','Attend','https://res.cloudinary.com/dj0idln0z/image/upload/v1734005409/AttendanceImages/138/2024-12-12/Checkin/8af90f7c-b4e2-4bdb-99b1-4e804c71af2f.png'),(159,158,9,'2024-12-09 07:00:00','Attend','https://res.cloudinary.com/dj0idln0z/image/upload/v1734011155/AttendanceImages/138/2024-12-12/Checkin/ff31563b-d6f3-4d85-b6fb-9057cf896345.png'),(160,158,12,'2024-12-09 07:00:00','Attend',NULL),(161,158,23,'2024-12-09 07:00:00','Attend',NULL),(162,158,25,'2024-12-09 07:00:00','Attend',NULL),(163,158,31,'2024-12-09 07:00:00','Attend',NULL),(164,158,32,'2024-12-09 07:00:00','Attend',NULL),(165,158,34,'2024-12-09 07:00:00','Attend',NULL),(166,158,35,'2024-12-09 07:00:00','Attend',NULL),(167,158,37,'2024-12-09 07:00:00','Attend',NULL),(168,158,39,'2024-12-09 07:00:00','Attend',NULL),(169,158,41,'2024-12-09 07:00:00','Attend',NULL),(170,158,43,'2024-12-09 07:00:00','Attend',NULL),(171,158,45,'2024-12-09 07:00:00','Attend',NULL),(172,158,49,'2024-12-09 07:00:00','Attend',NULL),(173,159,33,'2024-12-09 07:00:00','Attend','https://res.cloudinary.com/dj0idln0z/image/upload/v1734011361/AttendanceImages/139/2024-12-12/Checkin/020ed5b9-38f3-4a64-bdfb-c95403203aea.png'),(174,159,36,'2024-12-09 07:00:00','Attend',NULL),(175,159,38,'2024-12-09 07:00:00','Attend',NULL),(176,159,40,'2024-12-09 07:00:00','Attend',NULL),(177,159,42,'2024-12-09 07:00:00','Attend',NULL),(178,159,44,'2024-12-09 07:00:00','Attend',NULL),(179,159,46,'2024-12-09 07:00:00','Attend',NULL),(180,159,48,'2024-12-09 07:00:00','Attend',NULL),(181,159,50,'2024-12-09 07:00:00','Attend',NULL),(182,160,5,'2024-12-09 17:00:00','Came Back',NULL),(183,160,9,'2024-12-09 17:00:00','Came Back',NULL),(184,160,12,'2024-12-09 17:00:00','Came Back',NULL),(185,160,23,'2024-12-09 17:00:00','Came Back',NULL),(186,160,25,'2024-12-09 17:00:00','Came Back',NULL),(187,160,31,'2024-12-09 17:00:00','Came Back',NULL),(188,160,32,'2024-12-09 17:00:00','Came Back',NULL),(189,160,34,'2024-12-09 17:00:00','Came Back',NULL),(190,160,35,'2024-12-09 17:00:00','Came Back',NULL),(191,160,37,'2024-12-09 17:00:00','Came Back',NULL),(192,160,39,'2024-12-09 17:00:00','Came Back',NULL),(193,160,41,'2024-12-09 17:00:00','Came Back',NULL),(194,160,43,'2024-12-09 17:00:00','Came Back',NULL),(195,160,45,'2024-12-09 17:00:00','Came Back',NULL),(196,160,49,'2024-12-09 17:00:00','Came Back',NULL),(197,161,33,'2024-12-09 17:00:00','Came Back','https://res.cloudinary.com/dj0idln0z/image/upload/v1734011388/AttendanceImages/139/2024-12-12/Checkout/10b7491b-fe45-4769-8466-07ffc830aaf5.png'),(198,161,36,'2024-12-09 17:00:00','Came Back',NULL),(199,161,38,'2024-12-09 17:00:00','Came Back',NULL),(200,161,40,'2024-12-09 17:00:00','Came Back',NULL),(201,161,42,'2024-12-09 17:00:00','Came Back',NULL),(202,161,44,'2024-12-09 17:00:00','Came Back',NULL),(203,161,46,'2024-12-09 17:00:00','Came Back',NULL),(204,161,48,'2024-12-09 17:00:00','Came Back',NULL),(205,161,50,'2024-12-09 17:00:00','Came Back',NULL),(206,162,5,'2024-12-10 07:00:00','Attend','https://res.cloudinary.com/dj0idln0z/image/upload/v1734005409/AttendanceImages/138/2024-12-12/Checkin/8af90f7c-b4e2-4bdb-99b1-4e804c71af2f.png'),(207,162,9,'2024-12-10 07:00:00','Attend','https://res.cloudinary.com/dj0idln0z/image/upload/v1734011155/AttendanceImages/138/2024-12-12/Checkin/ff31563b-d6f3-4d85-b6fb-9057cf896345.png'),(208,162,12,'2024-12-10 07:00:00','Attend',NULL),(209,162,23,'2024-12-10 07:00:00','Attend',NULL),(210,162,25,'2024-12-10 07:00:00','Attend',NULL),(211,162,31,'2024-12-10 07:00:00','Attend',NULL),(212,162,32,'2024-12-10 07:00:00','Attend',NULL),(213,162,34,'2024-12-10 07:00:00','Attend',NULL),(214,162,35,'2024-12-10 07:00:00','Attend',NULL),(215,162,37,'2024-12-10 07:00:00','Attend',NULL),(216,162,39,'2024-12-10 07:00:00','Attend',NULL),(217,162,41,'2024-12-10 07:00:00','Attend',NULL),(218,162,43,'2024-12-10 07:00:00','Attend',NULL),(219,162,45,'2024-12-10 07:00:00','Attend',NULL),(220,162,49,'2024-12-10 07:00:00','Attend',NULL),(221,163,33,'2024-12-10 07:00:00','Attend','https://res.cloudinary.com/dj0idln0z/image/upload/v1734011361/AttendanceImages/139/2024-12-12/Checkin/020ed5b9-38f3-4a64-bdfb-c95403203aea.png'),(222,163,36,'2024-12-10 07:00:00','Attend',NULL),(223,163,38,'2024-12-10 07:00:00','Attend',NULL),(224,163,40,'2024-12-10 07:00:00','Attend',NULL),(225,163,42,'2024-12-10 07:00:00','Attend',NULL),(226,163,44,'2024-12-10 07:00:00','Attend',NULL),(227,163,46,'2024-12-10 07:00:00','Attend',NULL),(228,163,48,'2024-12-10 07:00:00','Attend',NULL),(229,163,50,'2024-12-10 07:00:00','Attend',NULL),(230,164,5,'2024-12-10 07:00:00','Attend','https://res.cloudinary.com/dj0idln0z/image/upload/v1734005409/AttendanceImages/138/2024-12-12/Checkin/8af90f7c-b4e2-4bdb-99b1-4e804c71af2f.png'),(231,164,9,'2024-12-10 07:00:00','Attend','https://res.cloudinary.com/dj0idln0z/image/upload/v1734011155/AttendanceImages/138/2024-12-12/Checkin/ff31563b-d6f3-4d85-b6fb-9057cf896345.png'),(232,164,12,'2024-12-10 07:00:00','Attend',NULL),(233,164,23,'2024-12-10 07:00:00','Attend',NULL),(234,164,25,'2024-12-10 07:00:00','Attend',NULL),(235,164,31,'2024-12-10 07:00:00','Attend',NULL),(236,164,32,'2024-12-10 07:00:00','Attend',NULL),(237,164,34,'2024-12-10 07:00:00','Attend',NULL),(238,164,35,'2024-12-10 07:00:00','Attend',NULL),(239,164,37,'2024-12-10 07:00:00','Attend',NULL),(240,164,39,'2024-12-10 07:00:00','Attend',NULL),(241,164,41,'2024-12-10 07:00:00','Attend',NULL),(242,164,43,'2024-12-10 07:00:00','Attend',NULL),(243,164,45,'2024-12-10 07:00:00','Attend',NULL),(244,164,49,'2024-12-10 07:00:00','Attend',NULL),(245,165,33,'2024-12-10 07:00:00','Attend','https://res.cloudinary.com/dj0idln0z/image/upload/v1734011361/AttendanceImages/139/2024-12-12/Checkin/020ed5b9-38f3-4a64-bdfb-c95403203aea.png'),(246,165,36,'2024-12-10 07:00:00','Attend',NULL),(247,165,38,'2024-12-10 07:00:00','Attend',NULL),(248,165,40,'2024-12-10 07:00:00','Attend',NULL),(249,165,42,'2024-12-10 07:00:00','Attend',NULL),(250,165,44,'2024-12-10 07:00:00','Attend',NULL),(251,165,46,'2024-12-10 07:00:00','Attend',NULL),(252,165,48,'2024-12-10 07:00:00','Attend',NULL),(253,165,50,'2024-12-10 07:00:00','Attend',NULL),(254,166,5,'2024-12-10 17:00:00','Came Back',NULL),(255,166,9,'2024-12-10 17:00:00','Came Back',NULL),(256,166,12,'2024-12-10 17:00:00','Came Back',NULL),(257,166,23,'2024-12-10 17:00:00','Came Back',NULL),(258,166,25,'2024-12-10 17:00:00','Came Back',NULL),(259,166,31,'2024-12-10 17:00:00','Came Back',NULL),(260,166,32,'2024-12-10 17:00:00','Came Back',NULL),(261,166,34,'2024-12-10 17:00:00','Came Back',NULL),(262,166,35,'2024-12-10 17:00:00','Came Back',NULL),(263,166,37,'2024-12-10 17:00:00','Came Back',NULL),(264,166,39,'2024-12-10 17:00:00','Came Back',NULL),(265,166,41,'2024-12-10 17:00:00','Came Back',NULL),(266,166,43,'2024-12-10 17:00:00','Came Back',NULL),(267,166,45,'2024-12-10 17:00:00','Came Back',NULL),(268,166,49,'2024-12-10 17:00:00','Came Back',NULL),(269,167,33,'2024-12-10 17:00:00','Came Back','https://res.cloudinary.com/dj0idln0z/image/upload/v1734011388/AttendanceImages/139/2024-12-12/Checkout/10b7491b-fe45-4769-8466-07ffc830aaf5.png'),(270,167,36,'2024-12-10 17:00:00','Came Back',NULL),(271,167,38,'2024-12-10 17:00:00','Came Back',NULL),(272,167,40,'2024-12-10 17:00:00','Came Back',NULL),(273,167,42,'2024-12-10 17:00:00','Came Back',NULL),(274,167,44,'2024-12-10 17:00:00','Came Back',NULL),(275,167,46,'2024-12-10 17:00:00','Came Back',NULL),(276,167,48,'2024-12-10 17:00:00','Came Back',NULL),(277,167,50,'2024-12-10 17:00:00','Came Back',NULL),(278,168,5,'2024-12-11 07:00:00','Attend','https://res.cloudinary.com/dj0idln0z/image/upload/v1734005409/AttendanceImages/138/2024-12-12/Checkin/8af90f7c-b4e2-4bdb-99b1-4e804c71af2f.png'),(279,168,9,'2024-12-11 07:00:00','Attend','https://res.cloudinary.com/dj0idln0z/image/upload/v1734011155/AttendanceImages/138/2024-12-12/Checkin/ff31563b-d6f3-4d85-b6fb-9057cf896345.png'),(280,168,12,'2024-12-11 07:00:00','Attend',NULL),(281,168,23,'2024-12-11 07:00:00','Attend',NULL),(282,168,25,'2024-12-11 07:00:00','Attend',NULL),(283,168,31,'2024-12-11 07:00:00','Attend',NULL),(284,168,32,'2024-12-11 07:00:00','Attend',NULL),(285,168,34,'2024-12-11 07:00:00','Attend',NULL),(286,168,35,'2024-12-11 07:00:00','Attend',NULL),(287,168,37,'2024-12-11 07:00:00','Attend',NULL),(288,168,39,'2024-12-11 07:00:00','Attend',NULL),(289,168,41,'2024-12-11 07:00:00','Attend',NULL),(290,168,43,'2024-12-11 07:00:00','Attend',NULL),(291,168,45,'2024-12-11 07:00:00','Attend',NULL),(292,168,49,'2024-12-11 07:00:00','Attend',NULL),(293,169,33,'2024-12-11 07:00:00','Attend','https://res.cloudinary.com/dj0idln0z/image/upload/v1734011361/AttendanceImages/139/2024-12-12/Checkin/020ed5b9-38f3-4a64-bdfb-c95403203aea.png'),(294,169,36,'2024-12-11 07:00:00','Attend',NULL),(295,169,38,'2024-12-11 07:00:00','Attend',NULL),(296,169,40,'2024-12-11 07:00:00','Attend',NULL),(297,169,42,'2024-12-11 07:00:00','Attend',NULL),(298,169,44,'2024-12-11 07:00:00','Attend',NULL),(299,169,46,'2024-12-11 07:00:00','Attend',NULL),(300,169,48,'2024-12-11 07:00:00','Attend',NULL),(301,169,50,'2024-12-11 07:00:00','Attend',NULL),(302,170,5,'2024-12-11 07:00:00','Attend','https://res.cloudinary.com/dj0idln0z/image/upload/v1734005409/AttendanceImages/138/2024-12-12/Checkin/8af90f7c-b4e2-4bdb-99b1-4e804c71af2f.png'),(303,170,9,'2024-12-11 07:00:00','Attend','https://res.cloudinary.com/dj0idln0z/image/upload/v1734011155/AttendanceImages/138/2024-12-12/Checkin/ff31563b-d6f3-4d85-b6fb-9057cf896345.png'),(304,170,12,'2024-12-11 07:00:00','Attend',NULL),(305,170,23,'2024-12-11 07:00:00','Attend',NULL),(306,170,25,'2024-12-11 07:00:00','Attend',NULL),(307,170,31,'2024-12-11 07:00:00','Attend',NULL),(308,170,32,'2024-12-11 07:00:00','Attend',NULL),(309,170,34,'2024-12-11 07:00:00','Attend',NULL),(310,170,35,'2024-12-11 07:00:00','Attend',NULL),(311,170,37,'2024-12-11 07:00:00','Attend',NULL),(312,170,39,'2024-12-11 07:00:00','Attend',NULL),(313,170,41,'2024-12-11 07:00:00','Attend',NULL),(314,170,43,'2024-12-11 07:00:00','Attend',NULL),(315,170,45,'2024-12-11 07:00:00','Attend',NULL),(316,170,49,'2024-12-11 07:00:00','Attend',NULL),(317,171,33,'2024-12-11 07:00:00','Attend','https://res.cloudinary.com/dj0idln0z/image/upload/v1734011361/AttendanceImages/139/2024-12-12/Checkin/020ed5b9-38f3-4a64-bdfb-c95403203aea.png'),(318,171,36,'2024-12-11 07:00:00','Attend',NULL),(319,171,38,'2024-12-11 07:00:00','Attend',NULL),(320,171,40,'2024-12-11 07:00:00','Attend',NULL),(321,171,42,'2024-12-11 07:00:00','Attend',NULL),(322,171,44,'2024-12-11 07:00:00','Attend',NULL),(323,171,46,'2024-12-11 07:00:00','Attend',NULL),(324,171,48,'2024-12-11 07:00:00','Attend',NULL),(325,171,50,'2024-12-11 07:00:00','Attend',NULL),(326,172,5,'2024-12-11 17:00:00','Came Back',NULL),(327,172,9,'2024-12-11 17:00:00','Came Back',NULL),(328,172,12,'2024-12-11 17:00:00','Came Back',NULL),(329,172,23,'2024-12-11 17:00:00','Came Back',NULL),(330,172,25,'2024-12-11 17:00:00','Came Back',NULL),(331,172,31,'2024-12-11 17:00:00','Came Back',NULL),(332,172,32,'2024-12-11 17:00:00','Came Back',NULL),(333,172,34,'2024-12-11 17:00:00','Came Back',NULL),(334,172,35,'2024-12-11 17:00:00','Came Back',NULL),(335,172,37,'2024-12-11 17:00:00','Came Back',NULL),(336,172,39,'2024-12-11 17:00:00','Came Back',NULL),(337,172,41,'2024-12-11 17:00:00','Came Back',NULL),(338,172,43,'2024-12-11 17:00:00','Came Back',NULL),(339,172,45,'2024-12-11 17:00:00','Came Back',NULL),(340,172,49,'2024-12-11 17:00:00','Came Back',NULL),(341,173,33,'2024-12-11 17:00:00','Came Back','https://res.cloudinary.com/dj0idln0z/image/upload/v1734011388/AttendanceImages/139/2024-12-12/Checkout/10b7491b-fe45-4769-8466-07ffc830aaf5.png'),(342,173,36,'2024-12-11 17:00:00','Came Back',NULL),(343,173,38,'2024-12-11 17:00:00','Came Back',NULL),(344,173,40,'2024-12-11 17:00:00','Came Back',NULL),(345,173,42,'2024-12-11 17:00:00','Came Back',NULL),(346,173,44,'2024-12-11 17:00:00','Came Back',NULL),(347,173,46,'2024-12-11 17:00:00','Came Back',NULL),(348,173,48,'2024-12-11 17:00:00','Came Back',NULL),(349,173,50,'2024-12-11 17:00:00','Came Back',NULL),(350,174,5,'2024-12-13 17:00:00','Came Back',NULL),(351,174,9,'2024-12-13 17:00:00','Came Back',NULL),(352,174,12,'2024-12-13 17:00:00','Came Back',NULL),(353,174,23,'2024-12-13 17:00:00','Came Back',NULL),(354,174,25,'2024-12-13 17:00:00','Came Back',NULL),(355,174,31,'2024-12-13 17:00:00','Came Back',NULL),(356,174,32,'2024-12-13 17:00:00','Came Back',NULL),(357,174,34,'2024-12-13 17:00:00','Came Back',NULL),(358,174,35,'2024-12-13 17:00:00','Came Back',NULL),(359,174,37,'2024-12-13 17:00:00','Came Back',NULL),(360,174,39,'2024-12-13 17:00:00','Came Back',NULL),(361,174,41,'2024-12-13 17:00:00','Came Back',NULL),(362,174,43,'2024-12-13 17:00:00','Came Back',NULL),(363,174,45,'2024-12-13 17:00:00','Came Back',NULL),(364,174,49,'2024-12-13 17:00:00','Came Back',NULL),(365,175,33,'2024-12-13 17:00:00','Came Back','https://res.cloudinary.com/dj0idln0z/image/upload/v1734011388/AttendanceImages/139/2024-12-12/Checkout/10b7491b-fe45-4769-8466-07ffc830aaf5.png'),(366,175,36,'2024-12-13 17:00:00','Came Back',NULL),(367,175,38,'2024-12-13 17:00:00','Came Back',NULL),(368,175,40,'2024-12-13 17:00:00','Came Back',NULL),(369,175,42,'2024-12-13 17:00:00','Came Back',NULL),(370,175,44,'2024-12-13 17:00:00','Came Back',NULL),(371,175,46,'2024-12-13 17:00:00','Came Back',NULL),(372,175,48,'2024-12-13 17:00:00','Came Back',NULL),(373,175,50,'2024-12-13 17:00:00','Came Back',NULL),(374,176,5,'2024-12-13 07:00:00','Attend','https://res.cloudinary.com/dj0idln0z/image/upload/v1734005409/AttendanceImages/138/2024-12-12/Checkin/8af90f7c-b4e2-4bdb-99b1-4e804c71af2f.png'),(375,176,9,'2024-12-13 07:00:00','Attend','https://res.cloudinary.com/dj0idln0z/image/upload/v1734011155/AttendanceImages/138/2024-12-12/Checkin/ff31563b-d6f3-4d85-b6fb-9057cf896345.png'),(376,176,12,'2024-12-13 07:00:00','Attend',NULL),(377,176,23,'2024-12-13 07:00:00','Attend',NULL),(378,176,25,'2024-12-13 07:00:00','Attend',NULL),(379,176,31,'2024-12-13 07:00:00','Attend',NULL),(380,176,32,'2024-12-13 07:00:00','Attend',NULL),(381,176,34,'2024-12-13 07:00:00','Attend',NULL),(382,176,35,'2024-12-13 07:00:00','Attend',NULL),(383,176,37,'2024-12-13 07:00:00','Attend',NULL),(384,176,39,'2024-12-13 07:00:00','Attend',NULL),(385,176,41,'2024-12-13 07:00:00','Attend',NULL),(386,176,43,'2024-12-13 07:00:00','Attend',NULL),(387,176,45,'2024-12-13 07:00:00','Attend',NULL),(388,176,49,'2024-12-13 07:00:00','Attend',NULL),(389,177,33,'2024-12-13 07:00:00','Attend','https://res.cloudinary.com/dj0idln0z/image/upload/v1734011361/AttendanceImages/139/2024-12-12/Checkin/020ed5b9-38f3-4a64-bdfb-c95403203aea.png'),(390,177,36,'2024-12-13 07:00:00','Attend',NULL),(391,177,38,'2024-12-13 07:00:00','Attend',NULL),(392,177,40,'2024-12-13 07:00:00','Attend',NULL),(393,177,42,'2024-12-13 07:00:00','Attend',NULL),(394,177,44,'2024-12-13 07:00:00','Attend',NULL),(395,177,46,'2024-12-13 07:00:00','Attend',NULL),(396,177,48,'2024-12-13 07:00:00','Attend',NULL),(397,177,50,'2024-12-13 07:00:00','Attend',NULL),(398,178,5,'2024-12-13 07:00:00','Attend','https://res.cloudinary.com/dj0idln0z/image/upload/v1734005409/AttendanceImages/138/2024-12-12/Checkin/8af90f7c-b4e2-4bdb-99b1-4e804c71af2f.png'),(399,178,9,'2024-12-13 07:00:00','Attend','https://res.cloudinary.com/dj0idln0z/image/upload/v1734011155/AttendanceImages/138/2024-12-12/Checkin/ff31563b-d6f3-4d85-b6fb-9057cf896345.png'),(400,178,12,'2024-12-13 07:00:00','Attend',NULL),(401,178,23,'2024-12-13 07:00:00','Attend',NULL),(402,178,25,'2024-12-13 07:00:00','Attend',NULL),(403,178,31,'2024-12-13 07:00:00','Attend',NULL),(404,178,32,'2024-12-13 07:00:00','Attend',NULL),(405,178,34,'2024-12-13 07:00:00','Attend',NULL),(406,178,35,'2024-12-13 07:00:00','Attend',NULL),(407,178,37,'2024-12-13 07:00:00','Attend',NULL),(408,178,39,'2024-12-13 07:00:00','Attend',NULL),(409,178,41,'2024-12-13 07:00:00','Attend',NULL),(410,178,43,'2024-12-13 07:00:00','Attend',NULL),(411,178,45,'2024-12-13 07:00:00','Attend',NULL),(412,178,49,'2024-12-13 07:00:00','Attend',NULL),(413,179,33,'2024-12-13 07:00:00','Attend','https://res.cloudinary.com/dj0idln0z/image/upload/v1734011361/AttendanceImages/139/2024-12-12/Checkin/020ed5b9-38f3-4a64-bdfb-c95403203aea.png'),(414,179,36,'2024-12-13 07:00:00','Attend',NULL),(415,179,38,'2024-12-13 07:00:00','Attend',NULL),(416,179,40,'2024-12-13 07:00:00','Attend',NULL),(417,179,42,'2024-12-13 07:00:00','Attend',NULL),(418,179,44,'2024-12-13 07:00:00','Attend',NULL),(419,179,46,'2024-12-13 07:00:00','Attend',NULL),(420,179,48,'2024-12-13 07:00:00','Attend',NULL),(421,179,50,'2024-12-13 07:00:00','Attend',NULL),(422,180,5,'2024-12-02 07:00:00','Attend','https://res.cloudinary.com/dj0idln0z/image/upload/v1734005409/AttendanceImages/138/2024-12-12/Checkin/8af90f7c-b4e2-4bdb-99b1-4e804c71af2f.png'),(423,180,9,'2024-12-02 07:00:00','Attend','https://res.cloudinary.com/dj0idln0z/image/upload/v1734011155/AttendanceImages/138/2024-12-12/Checkin/ff31563b-d6f3-4d85-b6fb-9057cf896345.png'),(424,180,12,'2024-12-02 07:00:00','Attend',NULL),(425,180,23,'2024-12-02 07:00:00','Attend',NULL),(426,180,25,'2024-12-02 07:00:00','Attend',NULL),(427,180,31,'2024-12-02 07:00:00','Attend',NULL),(428,180,32,'2024-12-02 07:00:00','Attend',NULL),(429,180,34,'2024-12-02 07:00:00','Attend',NULL),(430,180,35,'2024-12-02 07:00:00','Attend',NULL),(431,180,37,'2024-12-02 07:00:00','Attend',NULL),(432,180,39,'2024-12-02 07:00:00','Attend',NULL),(433,180,41,'2024-12-02 07:00:00','Attend',NULL),(434,180,43,'2024-12-02 07:00:00','Attend',NULL),(435,180,45,'2024-12-02 07:00:00','Attend',NULL),(436,180,49,'2024-12-02 07:00:00','Attend',NULL),(437,181,33,'2024-12-02 07:00:00','Attend','https://res.cloudinary.com/dj0idln0z/image/upload/v1734011361/AttendanceImages/139/2024-12-12/Checkin/020ed5b9-38f3-4a64-bdfb-c95403203aea.png'),(438,181,36,'2024-12-02 07:00:00','Attend',NULL),(439,181,38,'2024-12-02 07:00:00','Attend',NULL),(440,181,40,'2024-12-02 07:00:00','Attend',NULL),(441,181,42,'2024-12-02 07:00:00','Attend',NULL),(442,181,44,'2024-12-02 07:00:00','Attend',NULL),(443,181,46,'2024-12-02 07:00:00','Attend',NULL),(444,181,48,'2024-12-02 07:00:00','Attend',NULL),(445,181,50,'2024-12-02 07:00:00','Attend',NULL),(446,182,5,'2024-12-02 07:00:00','Attend','https://res.cloudinary.com/dj0idln0z/image/upload/v1734005409/AttendanceImages/138/2024-12-12/Checkin/8af90f7c-b4e2-4bdb-99b1-4e804c71af2f.png'),(447,182,9,'2024-12-02 07:00:00','Attend','https://res.cloudinary.com/dj0idln0z/image/upload/v1734011155/AttendanceImages/138/2024-12-12/Checkin/ff31563b-d6f3-4d85-b6fb-9057cf896345.png'),(448,182,12,'2024-12-02 07:00:00','Attend',NULL),(449,182,23,'2024-12-02 07:00:00','Attend',NULL),(450,182,25,'2024-12-02 07:00:00','Attend',NULL),(451,182,31,'2024-12-02 07:00:00','Attend',NULL),(452,182,32,'2024-12-02 07:00:00','Attend',NULL),(453,182,34,'2024-12-02 07:00:00','Attend',NULL),(454,182,35,'2024-12-02 07:00:00','Attend',NULL),(455,182,37,'2024-12-02 07:00:00','Attend',NULL),(456,182,39,'2024-12-02 07:00:00','Attend',NULL),(457,182,41,'2024-12-02 07:00:00','Attend',NULL),(458,182,43,'2024-12-02 07:00:00','Attend',NULL),(459,182,45,'2024-12-02 07:00:00','Attend',NULL),(460,182,49,'2024-12-02 07:00:00','Attend',NULL),(461,183,33,'2024-12-02 07:00:00','Attend','https://res.cloudinary.com/dj0idln0z/image/upload/v1734011361/AttendanceImages/139/2024-12-12/Checkin/020ed5b9-38f3-4a64-bdfb-c95403203aea.png'),(462,183,36,'2024-12-02 07:00:00','Attend',NULL),(463,183,38,'2024-12-02 07:00:00','Attend',NULL),(464,183,40,'2024-12-02 07:00:00','Attend',NULL),(465,183,42,'2024-12-02 07:00:00','Attend',NULL),(466,183,44,'2024-12-02 07:00:00','Attend',NULL),(467,183,46,'2024-12-02 07:00:00','Attend',NULL),(468,183,48,'2024-12-02 07:00:00','Attend',NULL),(469,183,50,'2024-12-02 07:00:00','Attend',NULL),(470,184,5,'2024-12-02 17:00:00','Came Back',NULL),(471,184,9,'2024-12-02 17:00:00','Came Back',NULL),(472,184,12,'2024-12-02 17:00:00','Came Back',NULL),(473,184,23,'2024-12-02 17:00:00','Came Back',NULL),(474,184,25,'2024-12-02 17:00:00','Came Back',NULL),(475,184,31,'2024-12-02 17:00:00','Came Back',NULL),(476,184,32,'2024-12-02 17:00:00','Came Back',NULL),(477,184,34,'2024-12-02 17:00:00','Came Back',NULL),(478,184,35,'2024-12-02 17:00:00','Came Back',NULL),(479,184,37,'2024-12-02 17:00:00','Came Back',NULL),(480,184,39,'2024-12-02 17:00:00','Came Back',NULL),(481,184,41,'2024-12-02 17:00:00','Came Back',NULL),(482,184,43,'2024-12-02 17:00:00','Came Back',NULL),(483,184,45,'2024-12-02 17:00:00','Came Back',NULL),(484,184,49,'2024-12-02 17:00:00','Came Back',NULL),(485,185,33,'2024-12-02 17:00:00','Came Back','https://res.cloudinary.com/dj0idln0z/image/upload/v1734011388/AttendanceImages/139/2024-12-12/Checkout/10b7491b-fe45-4769-8466-07ffc830aaf5.png'),(486,185,36,'2024-12-02 17:00:00','Came Back',NULL),(487,185,38,'2024-12-02 17:00:00','Came Back',NULL),(488,185,40,'2024-12-02 17:00:00','Came Back',NULL),(489,185,42,'2024-12-02 17:00:00','Came Back',NULL),(490,185,44,'2024-12-02 17:00:00','Came Back',NULL),(491,185,46,'2024-12-02 17:00:00','Came Back',NULL),(492,185,48,'2024-12-02 17:00:00','Came Back',NULL),(493,185,50,'2024-12-02 17:00:00','Came Back',NULL),(494,186,5,'2024-12-03 17:00:00','Came Back',NULL),(495,186,9,'2024-12-03 17:00:00','Came Back',NULL),(496,186,12,'2024-12-03 17:00:00','Came Back',NULL),(497,186,23,'2024-12-03 17:00:00','Came Back',NULL),(498,186,25,'2024-12-03 17:00:00','Came Back',NULL),(499,186,31,'2024-12-03 17:00:00','Came Back',NULL),(500,186,32,'2024-12-03 17:00:00','Came Back',NULL),(501,186,34,'2024-12-03 17:00:00','Came Back',NULL),(502,186,35,'2024-12-03 17:00:00','Came Back',NULL),(503,186,37,'2024-12-03 17:00:00','Came Back',NULL),(504,186,39,'2024-12-03 17:00:00','Came Back',NULL),(505,186,41,'2024-12-03 17:00:00','Came Back',NULL),(506,186,43,'2024-12-03 17:00:00','Came Back',NULL),(507,186,45,'2024-12-03 17:00:00','Came Back',NULL),(508,186,49,'2024-12-03 17:00:00','Came Back',NULL),(509,187,33,'2024-12-03 17:00:00','Came Back','https://res.cloudinary.com/dj0idln0z/image/upload/v1734011388/AttendanceImages/139/2024-12-12/Checkout/10b7491b-fe45-4769-8466-07ffc830aaf5.png'),(510,187,36,'2024-12-03 17:00:00','Came Back',NULL),(511,187,38,'2024-12-03 17:00:00','Came Back',NULL),(512,187,40,'2024-12-03 17:00:00','Came Back',NULL),(513,187,42,'2024-12-03 17:00:00','Came Back',NULL),(514,187,44,'2024-12-03 17:00:00','Came Back',NULL),(515,187,46,'2024-12-03 17:00:00','Came Back',NULL),(516,187,48,'2024-12-03 17:00:00','Came Back',NULL),(517,187,50,'2024-12-03 17:00:00','Came Back',NULL),(518,188,5,'2024-12-03 07:00:00','Attend','https://res.cloudinary.com/dj0idln0z/image/upload/v1734005409/AttendanceImages/138/2024-12-12/Checkin/8af90f7c-b4e2-4bdb-99b1-4e804c71af2f.png'),(519,188,9,'2024-12-03 07:00:00','Attend','https://res.cloudinary.com/dj0idln0z/image/upload/v1734011155/AttendanceImages/138/2024-12-12/Checkin/ff31563b-d6f3-4d85-b6fb-9057cf896345.png'),(520,188,12,'2024-12-03 07:00:00','Attend',NULL),(521,188,23,'2024-12-03 07:00:00','Attend',NULL),(522,188,25,'2024-12-03 07:00:00','Attend',NULL),(523,188,31,'2024-12-03 07:00:00','Attend',NULL),(524,188,32,'2024-12-03 07:00:00','Attend',NULL),(525,188,34,'2024-12-03 07:00:00','Attend',NULL),(526,188,35,'2024-12-03 07:00:00','Attend',NULL),(527,188,37,'2024-12-03 07:00:00','Attend',NULL),(528,188,39,'2024-12-03 07:00:00','Attend',NULL),(529,188,41,'2024-12-03 07:00:00','Attend',NULL),(530,188,43,'2024-12-03 07:00:00','Attend',NULL),(531,188,45,'2024-12-03 07:00:00','Attend',NULL),(532,188,49,'2024-12-03 07:00:00','Attend',NULL),(533,189,33,'2024-12-03 07:00:00','Attend','https://res.cloudinary.com/dj0idln0z/image/upload/v1734011361/AttendanceImages/139/2024-12-12/Checkin/020ed5b9-38f3-4a64-bdfb-c95403203aea.png'),(534,189,36,'2024-12-03 07:00:00','Attend',NULL),(535,189,38,'2024-12-03 07:00:00','Attend',NULL),(536,189,40,'2024-12-03 07:00:00','Attend',NULL),(537,189,42,'2024-12-03 07:00:00','Attend',NULL),(538,189,44,'2024-12-03 07:00:00','Attend',NULL),(539,189,46,'2024-12-03 07:00:00','Attend',NULL),(540,189,48,'2024-12-03 07:00:00','Attend',NULL),(541,189,50,'2024-12-03 07:00:00','Attend',NULL),(542,190,5,'2024-12-03 07:00:00','Attend','https://res.cloudinary.com/dj0idln0z/image/upload/v1734005409/AttendanceImages/138/2024-12-12/Checkin/8af90f7c-b4e2-4bdb-99b1-4e804c71af2f.png'),(543,190,9,'2024-12-03 07:00:00','Attend','https://res.cloudinary.com/dj0idln0z/image/upload/v1734011155/AttendanceImages/138/2024-12-12/Checkin/ff31563b-d6f3-4d85-b6fb-9057cf896345.png'),(544,190,12,'2024-12-03 07:00:00','Attend',NULL),(545,190,23,'2024-12-03 07:00:00','Attend',NULL),(546,190,25,'2024-12-03 07:00:00','Attend',NULL),(547,190,31,'2024-12-03 07:00:00','Attend',NULL),(548,190,32,'2024-12-03 07:00:00','Attend',NULL),(549,190,34,'2024-12-03 07:00:00','Attend',NULL),(550,190,35,'2024-12-03 07:00:00','Attend',NULL),(551,190,37,'2024-12-03 07:00:00','Attend',NULL),(552,190,39,'2024-12-03 07:00:00','Attend',NULL),(553,190,41,'2024-12-03 07:00:00','Attend',NULL),(554,190,43,'2024-12-03 07:00:00','Attend',NULL),(555,190,45,'2024-12-03 07:00:00','Attend',NULL),(556,190,49,'2024-12-03 07:00:00','Attend',NULL),(557,191,33,'2024-12-03 07:00:00','Attend','https://res.cloudinary.com/dj0idln0z/image/upload/v1734011361/AttendanceImages/139/2024-12-12/Checkin/020ed5b9-38f3-4a64-bdfb-c95403203aea.png'),(558,191,36,'2024-12-03 07:00:00','Attend',NULL),(559,191,38,'2024-12-03 07:00:00','Attend',NULL),(560,191,40,'2024-12-03 07:00:00','Attend',NULL),(561,191,42,'2024-12-03 07:00:00','Attend',NULL),(562,191,44,'2024-12-03 07:00:00','Attend',NULL),(563,191,46,'2024-12-03 07:00:00','Attend',NULL),(564,191,48,'2024-12-03 07:00:00','Attend',NULL),(565,191,50,'2024-12-03 07:00:00','Attend',NULL),(566,192,5,'2024-12-04 07:00:00','Attend','https://res.cloudinary.com/dj0idln0z/image/upload/v1734005409/AttendanceImages/138/2024-12-12/Checkin/8af90f7c-b4e2-4bdb-99b1-4e804c71af2f.png'),(567,192,9,'2024-12-04 07:00:00','Attend','https://res.cloudinary.com/dj0idln0z/image/upload/v1734011155/AttendanceImages/138/2024-12-12/Checkin/ff31563b-d6f3-4d85-b6fb-9057cf896345.png'),(568,192,12,'2024-12-04 07:00:00','Attend',NULL),(569,192,23,'2024-12-04 07:00:00','Attend',NULL),(570,192,25,'2024-12-04 07:00:00','Attend',NULL),(571,192,31,'2024-12-04 07:00:00','Attend',NULL),(572,192,32,'2024-12-04 07:00:00','Attend',NULL),(573,192,34,'2024-12-04 07:00:00','Attend',NULL),(574,192,35,'2024-12-04 07:00:00','Attend',NULL),(575,192,37,'2024-12-04 07:00:00','Attend',NULL),(576,192,39,'2024-12-04 07:00:00','Attend',NULL),(577,192,41,'2024-12-04 07:00:00','Attend',NULL),(578,192,43,'2024-12-04 07:00:00','Attend',NULL),(579,192,45,'2024-12-04 07:00:00','Attend',NULL),(580,192,49,'2024-12-04 07:00:00','Attend',NULL),(581,193,33,'2024-12-04 07:00:00','Attend','https://res.cloudinary.com/dj0idln0z/image/upload/v1734011361/AttendanceImages/139/2024-12-12/Checkin/020ed5b9-38f3-4a64-bdfb-c95403203aea.png'),(582,193,36,'2024-12-04 07:00:00','Attend',NULL),(583,193,38,'2024-12-04 07:00:00','Attend',NULL),(584,193,40,'2024-12-04 07:00:00','Attend',NULL),(585,193,42,'2024-12-04 07:00:00','Attend',NULL),(586,193,44,'2024-12-04 07:00:00','Attend',NULL),(587,193,46,'2024-12-04 07:00:00','Attend',NULL),(588,193,48,'2024-12-04 07:00:00','Attend',NULL),(589,193,50,'2024-12-04 07:00:00','Attend',NULL),(590,194,5,'2024-12-04 07:00:00','Attend','https://res.cloudinary.com/dj0idln0z/image/upload/v1734005409/AttendanceImages/138/2024-12-12/Checkin/8af90f7c-b4e2-4bdb-99b1-4e804c71af2f.png'),(591,194,9,'2024-12-04 07:00:00','Attend','https://res.cloudinary.com/dj0idln0z/image/upload/v1734011155/AttendanceImages/138/2024-12-12/Checkin/ff31563b-d6f3-4d85-b6fb-9057cf896345.png'),(592,194,12,'2024-12-04 07:00:00','Attend',NULL),(593,194,23,'2024-12-04 07:00:00','Attend',NULL),(594,194,25,'2024-12-04 07:00:00','Attend',NULL),(595,194,31,'2024-12-04 07:00:00','Attend',NULL),(596,194,32,'2024-12-04 07:00:00','Attend',NULL),(597,194,34,'2024-12-04 07:00:00','Attend',NULL),(598,194,35,'2024-12-04 07:00:00','Attend',NULL),(599,194,37,'2024-12-04 07:00:00','Attend',NULL),(600,194,39,'2024-12-04 07:00:00','Attend',NULL),(601,194,41,'2024-12-04 07:00:00','Attend',NULL),(602,194,43,'2024-12-04 07:00:00','Attend',NULL),(603,194,45,'2024-12-04 07:00:00','Attend',NULL),(604,194,49,'2024-12-04 07:00:00','Attend',NULL),(605,195,33,'2024-12-04 07:00:00','Attend','https://res.cloudinary.com/dj0idln0z/image/upload/v1734011361/AttendanceImages/139/2024-12-12/Checkin/020ed5b9-38f3-4a64-bdfb-c95403203aea.png'),(606,195,36,'2024-12-04 07:00:00','Attend',NULL),(607,195,38,'2024-12-04 07:00:00','Attend',NULL),(608,195,40,'2024-12-04 07:00:00','Attend',NULL),(609,195,42,'2024-12-04 07:00:00','Attend',NULL),(610,195,44,'2024-12-04 07:00:00','Attend',NULL),(611,195,46,'2024-12-04 07:00:00','Attend',NULL),(612,195,48,'2024-12-04 07:00:00','Attend',NULL),(613,195,50,'2024-12-04 07:00:00','Attend',NULL),(614,196,5,'2024-12-04 17:00:00','Came Back',NULL),(615,196,9,'2024-12-04 17:00:00','Came Back',NULL),(616,196,12,'2024-12-04 17:00:00','Came Back',NULL),(617,196,23,'2024-12-04 17:00:00','Came Back',NULL),(618,196,25,'2024-12-04 17:00:00','Came Back',NULL),(619,196,31,'2024-12-04 17:00:00','Came Back',NULL),(620,196,32,'2024-12-04 17:00:00','Came Back',NULL),(621,196,34,'2024-12-04 17:00:00','Came Back',NULL),(622,196,35,'2024-12-04 17:00:00','Came Back',NULL),(623,196,37,'2024-12-04 17:00:00','Came Back',NULL),(624,196,39,'2024-12-04 17:00:00','Came Back',NULL),(625,196,41,'2024-12-04 17:00:00','Came Back',NULL),(626,196,43,'2024-12-04 17:00:00','Came Back',NULL),(627,196,45,'2024-12-04 17:00:00','Came Back',NULL),(628,196,49,'2024-12-04 17:00:00','Came Back',NULL),(629,197,33,'2024-12-04 17:00:00','Came Back','https://res.cloudinary.com/dj0idln0z/image/upload/v1734011388/AttendanceImages/139/2024-12-12/Checkout/10b7491b-fe45-4769-8466-07ffc830aaf5.png'),(630,197,36,'2024-12-04 17:00:00','Came Back',NULL),(631,197,38,'2024-12-04 17:00:00','Came Back',NULL),(632,197,40,'2024-12-04 17:00:00','Came Back',NULL),(633,197,42,'2024-12-04 17:00:00','Came Back',NULL),(634,197,44,'2024-12-04 17:00:00','Came Back',NULL),(635,197,46,'2024-12-04 17:00:00','Came Back',NULL),(636,197,48,'2024-12-04 17:00:00','Came Back',NULL),(637,197,50,'2024-12-04 17:00:00','Came Back',NULL),(638,198,5,'2024-12-05 17:00:00','Came Back',NULL),(639,198,9,'2024-12-05 17:00:00','Came Back',NULL),(640,198,12,'2024-12-05 17:00:00','Came Back',NULL),(641,198,23,'2024-12-05 17:00:00','Came Back',NULL),(642,198,25,'2024-12-05 17:00:00','Came Back',NULL),(643,198,31,'2024-12-05 17:00:00','Came Back',NULL),(644,198,32,'2024-12-05 17:00:00','Came Back',NULL),(645,198,34,'2024-12-05 17:00:00','Came Back',NULL),(646,198,35,'2024-12-05 17:00:00','Came Back',NULL),(647,198,37,'2024-12-05 17:00:00','Came Back',NULL),(648,198,39,'2024-12-05 17:00:00','Came Back',NULL),(649,198,41,'2024-12-05 17:00:00','Came Back',NULL),(650,198,43,'2024-12-05 17:00:00','Came Back',NULL),(651,198,45,'2024-12-05 17:00:00','Came Back',NULL),(652,198,49,'2024-12-05 17:00:00','Came Back',NULL),(653,199,33,'2024-12-05 17:00:00','Came Back','https://res.cloudinary.com/dj0idln0z/image/upload/v1734011388/AttendanceImages/139/2024-12-12/Checkout/10b7491b-fe45-4769-8466-07ffc830aaf5.png'),(654,199,36,'2024-12-05 17:00:00','Came Back',NULL),(655,199,38,'2024-12-05 17:00:00','Came Back',NULL),(656,199,40,'2024-12-05 17:00:00','Came Back',NULL),(657,199,42,'2024-12-05 17:00:00','Came Back',NULL),(658,199,44,'2024-12-05 17:00:00','Came Back',NULL),(659,199,46,'2024-12-05 17:00:00','Came Back',NULL),(660,199,48,'2024-12-05 17:00:00','Came Back',NULL),(661,199,50,'2024-12-05 17:00:00','Came Back',NULL),(662,200,5,'2024-12-05 07:00:00','Attend','https://res.cloudinary.com/dj0idln0z/image/upload/v1734005409/AttendanceImages/138/2024-12-12/Checkin/8af90f7c-b4e2-4bdb-99b1-4e804c71af2f.png'),(663,200,9,'2024-12-05 07:00:00','Attend','https://res.cloudinary.com/dj0idln0z/image/upload/v1734011155/AttendanceImages/138/2024-12-12/Checkin/ff31563b-d6f3-4d85-b6fb-9057cf896345.png'),(664,200,12,'2024-12-05 07:00:00','Attend',NULL),(665,200,23,'2024-12-05 07:00:00','Attend',NULL),(666,200,25,'2024-12-05 07:00:00','Attend',NULL),(667,200,31,'2024-12-05 07:00:00','Attend',NULL),(668,200,32,'2024-12-05 07:00:00','Attend',NULL),(669,200,34,'2024-12-05 07:00:00','Attend',NULL),(670,200,35,'2024-12-05 07:00:00','Attend',NULL),(671,200,37,'2024-12-05 07:00:00','Attend',NULL),(672,200,39,'2024-12-05 07:00:00','Attend',NULL),(673,200,41,'2024-12-05 07:00:00','Attend',NULL),(674,200,43,'2024-12-05 07:00:00','Attend',NULL),(675,200,45,'2024-12-05 07:00:00','Attend',NULL),(676,200,49,'2024-12-05 07:00:00','Attend',NULL),(677,201,33,'2024-12-05 07:00:00','Attend','https://res.cloudinary.com/dj0idln0z/image/upload/v1734011361/AttendanceImages/139/2024-12-12/Checkin/020ed5b9-38f3-4a64-bdfb-c95403203aea.png'),(678,201,36,'2024-12-05 07:00:00','Attend',NULL),(679,201,38,'2024-12-05 07:00:00','Attend',NULL),(680,201,40,'2024-12-05 07:00:00','Attend',NULL),(681,201,42,'2024-12-05 07:00:00','Attend',NULL),(682,201,44,'2024-12-05 07:00:00','Attend',NULL),(683,201,46,'2024-12-05 07:00:00','Attend',NULL),(684,201,48,'2024-12-05 07:00:00','Attend',NULL),(685,201,50,'2024-12-05 07:00:00','Attend',NULL),(686,202,5,'2024-12-05 07:00:00','Attend','https://res.cloudinary.com/dj0idln0z/image/upload/v1734005409/AttendanceImages/138/2024-12-12/Checkin/8af90f7c-b4e2-4bdb-99b1-4e804c71af2f.png'),(687,202,9,'2024-12-05 07:00:00','Attend','https://res.cloudinary.com/dj0idln0z/image/upload/v1734011155/AttendanceImages/138/2024-12-12/Checkin/ff31563b-d6f3-4d85-b6fb-9057cf896345.png'),(688,202,12,'2024-12-05 07:00:00','Attend',NULL),(689,202,23,'2024-12-05 07:00:00','Attend',NULL),(690,202,25,'2024-12-05 07:00:00','Attend',NULL),(691,202,31,'2024-12-05 07:00:00','Attend',NULL),(692,202,32,'2024-12-05 07:00:00','Attend',NULL),(693,202,34,'2024-12-05 07:00:00','Attend',NULL),(694,202,35,'2024-12-05 07:00:00','Attend',NULL),(695,202,37,'2024-12-05 07:00:00','Attend',NULL),(696,202,39,'2024-12-05 07:00:00','Attend',NULL),(697,202,41,'2024-12-05 07:00:00','Attend',NULL),(698,202,43,'2024-12-05 07:00:00','Attend',NULL),(699,202,45,'2024-12-05 07:00:00','Attend',NULL),(700,202,49,'2024-12-05 07:00:00','Attend',NULL),(701,203,33,'2024-12-05 07:00:00','Attend','https://res.cloudinary.com/dj0idln0z/image/upload/v1734011361/AttendanceImages/139/2024-12-12/Checkin/020ed5b9-38f3-4a64-bdfb-c95403203aea.png'),(702,203,36,'2024-12-05 07:00:00','Attend',NULL),(703,203,38,'2024-12-05 07:00:00','Attend',NULL),(704,203,40,'2024-12-05 07:00:00','Attend',NULL),(705,203,42,'2024-12-05 07:00:00','Attend',NULL),(706,203,44,'2024-12-05 07:00:00','Attend',NULL),(707,203,46,'2024-12-05 07:00:00','Attend',NULL),(708,203,48,'2024-12-05 07:00:00','Attend',NULL),(709,203,50,'2024-12-05 07:00:00','Attend',NULL),(710,204,5,'2024-12-06 07:00:00','Attend','https://res.cloudinary.com/dj0idln0z/image/upload/v1734005409/AttendanceImages/138/2024-12-12/Checkin/8af90f7c-b4e2-4bdb-99b1-4e804c71af2f.png'),(711,204,9,'2024-12-06 07:00:00','Attend','https://res.cloudinary.com/dj0idln0z/image/upload/v1734011155/AttendanceImages/138/2024-12-12/Checkin/ff31563b-d6f3-4d85-b6fb-9057cf896345.png'),(712,204,12,'2024-12-06 07:00:00','Attend',NULL),(713,204,23,'2024-12-06 07:00:00','Attend',NULL),(714,204,25,'2024-12-06 07:00:00','Attend',NULL),(715,204,31,'2024-12-06 07:00:00','Attend',NULL),(716,204,32,'2024-12-06 07:00:00','Attend',NULL),(717,204,34,'2024-12-06 07:00:00','Attend',NULL),(718,204,35,'2024-12-06 07:00:00','Attend',NULL),(719,204,37,'2024-12-06 07:00:00','Attend',NULL),(720,204,39,'2024-12-06 07:00:00','Attend',NULL),(721,204,41,'2024-12-06 07:00:00','Attend',NULL),(722,204,43,'2024-12-06 07:00:00','Attend',NULL),(723,204,45,'2024-12-06 07:00:00','Attend',NULL),(724,204,49,'2024-12-06 07:00:00','Attend',NULL),(725,205,33,'2024-12-06 07:00:00','Attend','https://res.cloudinary.com/dj0idln0z/image/upload/v1734011361/AttendanceImages/139/2024-12-12/Checkin/020ed5b9-38f3-4a64-bdfb-c95403203aea.png'),(726,205,36,'2024-12-06 07:00:00','Attend',NULL),(727,205,38,'2024-12-06 07:00:00','Attend',NULL),(728,205,40,'2024-12-06 07:00:00','Attend',NULL),(729,205,42,'2024-12-06 07:00:00','Attend',NULL),(730,205,44,'2024-12-06 07:00:00','Attend',NULL),(731,205,46,'2024-12-06 07:00:00','Attend',NULL),(732,205,48,'2024-12-06 07:00:00','Attend',NULL),(733,205,50,'2024-12-06 07:00:00','Attend',NULL),(734,206,5,'2024-12-06 07:00:00','Attend','https://res.cloudinary.com/dj0idln0z/image/upload/v1734005409/AttendanceImages/138/2024-12-12/Checkin/8af90f7c-b4e2-4bdb-99b1-4e804c71af2f.png'),(735,206,9,'2024-12-06 07:00:00','Attend','https://res.cloudinary.com/dj0idln0z/image/upload/v1734011155/AttendanceImages/138/2024-12-12/Checkin/ff31563b-d6f3-4d85-b6fb-9057cf896345.png'),(736,206,12,'2024-12-06 07:00:00','Attend',NULL),(737,206,23,'2024-12-06 07:00:00','Attend',NULL),(738,206,25,'2024-12-06 07:00:00','Attend',NULL),(739,206,31,'2024-12-06 07:00:00','Attend',NULL),(740,206,32,'2024-12-06 07:00:00','Attend',NULL),(741,206,34,'2024-12-06 07:00:00','Attend',NULL),(742,206,35,'2024-12-06 07:00:00','Attend',NULL),(743,206,37,'2024-12-06 07:00:00','Attend',NULL),(744,206,39,'2024-12-06 07:00:00','Attend',NULL),(745,206,41,'2024-12-06 07:00:00','Attend',NULL),(746,206,43,'2024-12-06 07:00:00','Attend',NULL),(747,206,45,'2024-12-06 07:00:00','Attend',NULL),(748,206,49,'2024-12-06 07:00:00','Attend',NULL),(749,207,33,'2024-12-06 07:00:00','Attend','https://res.cloudinary.com/dj0idln0z/image/upload/v1734011361/AttendanceImages/139/2024-12-12/Checkin/020ed5b9-38f3-4a64-bdfb-c95403203aea.png'),(750,207,36,'2024-12-06 07:00:00','Attend',NULL),(751,207,38,'2024-12-06 07:00:00','Attend',NULL),(752,207,40,'2024-12-06 07:00:00','Attend',NULL),(753,207,42,'2024-12-06 07:00:00','Attend',NULL),(754,207,44,'2024-12-06 07:00:00','Attend',NULL),(755,207,46,'2024-12-06 07:00:00','Attend',NULL),(756,207,48,'2024-12-06 07:00:00','Attend',NULL),(757,207,50,'2024-12-06 07:00:00','Attend',NULL),(758,208,5,'2024-12-06 17:00:00','Came Back',NULL),(759,208,9,'2024-12-06 17:00:00','Came Back',NULL),(760,208,12,'2024-12-06 17:00:00','Came Back',NULL),(761,208,23,'2024-12-06 17:00:00','Came Back',NULL),(762,208,25,'2024-12-06 17:00:00','Came Back',NULL),(763,208,31,'2024-12-06 17:00:00','Came Back',NULL),(764,208,32,'2024-12-06 17:00:00','Came Back',NULL),(765,208,34,'2024-12-06 17:00:00','Came Back',NULL),(766,208,35,'2024-12-06 17:00:00','Came Back',NULL),(767,208,37,'2024-12-06 17:00:00','Came Back',NULL),(768,208,39,'2024-12-06 17:00:00','Came Back',NULL),(769,208,41,'2024-12-06 17:00:00','Came Back',NULL),(770,208,43,'2024-12-06 17:00:00','Came Back',NULL),(771,208,45,'2024-12-06 17:00:00','Came Back',NULL),(772,208,49,'2024-12-06 17:00:00','Came Back',NULL),(773,209,33,'2024-12-06 17:00:00','Came Back','https://res.cloudinary.com/dj0idln0z/image/upload/v1734011388/AttendanceImages/139/2024-12-12/Checkout/10b7491b-fe45-4769-8466-07ffc830aaf5.png'),(774,209,36,'2024-12-06 17:00:00','Came Back',NULL),(775,209,38,'2024-12-06 17:00:00','Came Back',NULL),(776,209,40,'2024-12-06 17:00:00','Came Back',NULL),(777,209,42,'2024-12-06 17:00:00','Came Back',NULL),(778,209,44,'2024-12-06 17:00:00','Came Back',NULL),(779,209,46,'2024-12-06 17:00:00','Came Back',NULL),(780,209,48,'2024-12-06 17:00:00','Came Back',NULL),(781,209,50,'2024-12-06 17:00:00','Came Back',NULL),(782,210,5,'2024-12-12 20:49:59','Came Back','https://res.cloudinary.com/dj0idln0z/image/upload/v1734006140/AttendanceImages/138/2024-12-12/Checkout/a18ccd66-2dd7-4609-b0cc-657d7aafb1ff.jpg'),(783,210,9,'2024-12-12 20:49:59','Came Back','https://res.cloudinary.com/dj0idln0z/image/upload/v1734006140/AttendanceImages/138/2024-12-12/Checkout/b500e7fa-0ed5-4857-bb49-0b4f0a24f3ec.jpg'),(784,210,12,'2024-12-12 20:49:59','Came Back',NULL),(785,210,23,'2024-12-12 20:49:59','Came Back',NULL),(786,210,25,'2024-12-12 20:49:59','Came Back',NULL),(787,210,31,'2024-12-12 20:49:59','Came Back',NULL),(788,210,32,'2024-12-12 20:49:59','Came Back',NULL),(789,210,34,'2024-12-12 20:49:59','Came Back',NULL),(790,210,35,'2024-12-12 20:49:59','Came Back',NULL),(791,210,37,'2024-12-12 20:49:59','Came Back',NULL),(792,210,39,'2024-12-12 20:49:59','Came Back',NULL),(793,210,41,'2024-12-12 20:49:59','Came Back',NULL),(794,210,43,'2024-12-12 20:49:59','Came Back',NULL),(795,210,45,'2024-12-12 20:49:59','Came Back',NULL),(796,210,49,'2024-12-12 20:49:59','Came Back',NULL),(797,211,33,'2024-12-12 20:49:59','Came Back','https://res.cloudinary.com/dj0idln0z/image/upload/v1734011388/AttendanceImages/139/2024-12-12/Checkout/10b7491b-fe45-4769-8466-07ffc830aaf5.png'),(798,211,36,'2024-12-12 20:49:59','Came Back',NULL),(799,211,38,'2024-12-12 20:49:59','Came Back',NULL),(800,211,40,'2024-12-12 20:49:59','Came Back',NULL),(801,211,42,'2024-12-12 20:49:59','Came Back',NULL),(802,211,44,'2024-12-12 20:49:59','Came Back',NULL),(803,211,46,'2024-12-12 20:49:59','Came Back',NULL),(804,211,48,'2024-12-12 20:49:59','Came Back',NULL),(805,211,50,'2024-12-12 20:49:59','Came Back',NULL),(806,212,5,'2024-12-12 07:00:00','Attend','https://res.cloudinary.com/dj0idln0z/image/upload/v1734005409/AttendanceImages/138/2024-12-12/Checkin/8af90f7c-b4e2-4bdb-99b1-4e804c71af2f.png'),(807,212,9,'2024-12-12 07:00:00','Attend','https://res.cloudinary.com/dj0idln0z/image/upload/v1734011155/AttendanceImages/138/2024-12-12/Checkin/ff31563b-d6f3-4d85-b6fb-9057cf896345.png'),(808,212,12,'2024-12-12 07:00:00','Attend',NULL),(809,212,23,'2024-12-12 07:00:00','Attend',NULL),(810,212,25,'2024-12-12 07:00:00','Attend',NULL),(811,212,31,'2024-12-12 07:00:00','Attend',NULL),(812,212,32,'2024-12-12 07:00:00','Attend',NULL),(813,212,34,'2024-12-12 07:00:00','Attend',NULL),(814,212,35,'2024-12-12 07:00:00','Attend',NULL),(815,212,37,'2024-12-12 07:00:00','Attend',NULL),(816,212,39,'2024-12-12 07:00:00','Attend',NULL),(817,212,41,'2024-12-12 07:00:00','Attend',NULL),(818,212,43,'2024-12-12 07:00:00','Attend',NULL),(819,212,45,'2024-12-12 07:00:00','Attend',NULL),(820,212,49,'2024-12-12 07:00:00','Attend',NULL),(821,213,33,'2024-12-12 07:00:00','Attend','https://res.cloudinary.com/dj0idln0z/image/upload/v1734011361/AttendanceImages/139/2024-12-12/Checkin/020ed5b9-38f3-4a64-bdfb-c95403203aea.png'),(822,213,36,'2024-12-12 07:00:00','Attend',NULL),(823,213,38,'2024-12-12 07:00:00','Attend',NULL),(824,213,40,'2024-12-12 07:00:00','Attend',NULL),(825,213,42,'2024-12-12 07:00:00','Attend',NULL),(826,213,44,'2024-12-12 07:00:00','Attend',NULL),(827,213,46,'2024-12-12 07:00:00','Attend',NULL),(828,213,48,'2024-12-12 07:00:00','Attend',NULL),(829,213,50,'2024-12-12 07:00:00','Attend',NULL),(830,214,5,'2024-12-12 20:49:27','Attend','https://res.cloudinary.com/dj0idln0z/image/upload/v1734005409/AttendanceImages/138/2024-12-12/Checkin/8af90f7c-b4e2-4bdb-99b1-4e804c71af2f.png'),(831,214,9,'2024-12-12 20:49:27','Attend','https://res.cloudinary.com/dj0idln0z/image/upload/v1734011155/AttendanceImages/138/2024-12-12/Checkin/ff31563b-d6f3-4d85-b6fb-9057cf896345.png'),(832,214,12,'2024-12-12 20:49:27','Attend',NULL),(833,214,23,'2024-12-12 20:49:27','Attend',NULL),(834,214,25,'2024-12-12 20:49:27','Attend',NULL),(835,214,31,'2024-12-12 20:49:27','Attend',NULL),(836,214,32,'2024-12-12 20:49:27','Attend',NULL),(837,214,34,'2024-12-12 20:49:27','Attend',NULL),(838,214,35,'2024-12-12 20:49:27','Attend',NULL),(839,214,37,'2024-12-12 20:49:27','Attend',NULL),(840,214,39,'2024-12-12 20:49:27','Attend',NULL),(841,214,41,'2024-12-12 20:49:27','Attend',NULL),(842,214,43,'2024-12-12 20:49:27','Attend',NULL),(843,214,45,'2024-12-12 20:49:27','Attend',NULL),(844,214,49,'2024-12-12 20:49:27','Attend',NULL),(845,215,33,'2024-12-12 20:49:27','Attend','https://res.cloudinary.com/dj0idln0z/image/upload/v1734011361/AttendanceImages/139/2024-12-12/Checkin/020ed5b9-38f3-4a64-bdfb-c95403203aea.png'),(846,215,36,'2024-12-12 20:49:27','Attend',NULL),(847,215,38,'2024-12-12 20:49:27','Attend',NULL),(848,215,40,'2024-12-12 20:49:27','Attend',NULL),(849,215,42,'2024-12-12 20:49:27','Attend',NULL),(850,215,44,'2024-12-12 20:49:27','Attend',NULL),(851,215,46,'2024-12-12 20:49:27','Attend',NULL),(852,215,48,'2024-12-12 20:49:27','Attend',NULL),(853,215,50,'2024-12-12 20:49:27','Attend',NULL);
/*!40000 ALTER TABLE `attendance_detail` ENABLE KEYS */;
UNLOCK TABLES;

--
-- Table structure for table `cagetoryservices`
--

DROP TABLE IF EXISTS `cagetoryservices`;
/*!40101 SET @saved_cs_client     = @@character_set_client */;
/*!50503 SET character_set_client = utf8mb4 */;
CREATE TABLE `cagetoryservices` (
  `CategoryServiceID` int NOT NULL AUTO_INCREMENT,
  `CategoryName` varchar(45) DEFAULT NULL,
  PRIMARY KEY (`CategoryServiceID`)
) ENGINE=InnoDB AUTO_INCREMENT=4 DEFAULT CHARSET=utf8mb4 COLLATE=utf8mb4_0900_ai_ci;
/*!40101 SET character_set_client = @saved_cs_client */;

--
-- Dumping data for table `cagetoryservices`
--

LOCK TABLES `cagetoryservices` WRITE;
/*!40000 ALTER TABLE `cagetoryservices` DISABLE KEYS */;
INSERT INTO `cagetoryservices` VALUES (1,'Fixed Cost'),(2,'Variable Cost');
/*!40000 ALTER TABLE `cagetoryservices` ENABLE KEYS */;
UNLOCK TABLES;

--
-- Table structure for table `checkservice`
--

DROP TABLE IF EXISTS `checkservice`;
/*!40101 SET @saved_cs_client     = @@character_set_client */;
/*!50503 SET character_set_client = utf8mb4 */;
CREATE TABLE `checkservice` (
  `CheckServiceID` int NOT NULL AUTO_INCREMENT,
  `ServiceID` int NOT NULL,
  `Date` date DEFAULT NULL,
  `StudentID` int NOT NULL,
  `Status` int DEFAULT NULL,
  `PayService` int DEFAULT NULL,
  `DatePayService` date DEFAULT NULL,
  PRIMARY KEY (`CheckServiceID`),
  KEY `fk_checkservice_services1_idx` (`ServiceID`),
  KEY `fk_checkservice_children1_idx` (`StudentID`),
  CONSTRAINT `fk_checkservice_children1` FOREIGN KEY (`StudentID`) REFERENCES `children` (`StudentID`),
  CONSTRAINT `fk_checkservice_services1` FOREIGN KEY (`ServiceID`) REFERENCES `services` (`ServiceID`)
) ENGINE=InnoDB AUTO_INCREMENT=161 DEFAULT CHARSET=utf8mb4 COLLATE=utf8mb4_0900_ai_ci;
/*!40101 SET character_set_client = @saved_cs_client */;

--
-- Dumping data for table `checkservice`
--

LOCK TABLES `checkservice` WRITE;
/*!40000 ALTER TABLE `checkservice` DISABLE KEYS */;
INSERT INTO `checkservice` VALUES (1,5,'2024-10-05',1,1,1,'2024-11-02'),(2,6,'2024-10-07',2,0,1,'2024-11-02'),(3,5,'2024-10-15',3,1,1,'2024-11-02'),(4,6,'2024-10-20',4,0,1,'2024-11-02'),(5,5,'2024-10-25',5,1,1,'2024-11-02'),(6,6,'2024-10-28',6,0,1,'2024-11-02'),(7,5,'2024-10-03',7,1,1,'2024-11-02'),(8,5,'2024-10-18',8,0,1,'2024-11-02'),(9,6,'2024-10-22',9,1,1,'2024-11-02'),(10,6,'2024-10-10',10,0,1,'2024-11-02'),(11,5,'2024-10-12',11,1,1,'2024-11-02'),(12,6,'2024-10-17',12,0,1,'2024-11-02'),(13,5,'2024-10-21',13,1,1,'2024-11-02'),(14,5,'2024-10-04',14,1,1,'2024-11-02'),(15,6,'2024-10-09',15,0,1,'2024-11-02'),(16,6,'2024-10-14',16,1,1,'2024-11-02'),(17,5,'2024-10-24',17,0,1,'2024-11-02'),(18,5,'2024-10-08',18,0,1,'2024-11-02'),(19,6,'2024-10-13',19,1,1,'2024-11-02'),(20,5,'2024-10-16',20,0,1,'2024-11-02'),(21,6,'2024-10-19',21,1,1,'2024-11-02'),(22,6,'2024-10-11',22,0,1,'2024-11-02'),(23,5,'2024-10-06',23,0,1,'2024-11-02'),(24,5,'2024-10-23',24,1,1,'2024-11-02'),(25,6,'2024-10-27',25,1,1,'2024-11-02'),(26,5,'2024-10-30',26,0,1,'2024-11-02'),(27,6,'2024-10-02',27,1,1,'2024-11-02'),(28,5,'2024-10-29',28,1,1,'2024-11-02'),(29,5,'2024-10-01',29,1,1,'2024-11-02'),(30,6,'2024-10-26',30,0,1,'2024-11-02'),(31,5,'2024-11-02',1,0,1,'2024-12-02'),(32,6,'2024-11-03',2,1,1,'2024-12-02'),(33,5,'2024-11-06',3,0,1,'2024-12-02'),(34,6,'2024-11-08',4,1,1,'2024-12-02'),(35,5,'2024-11-09',5,0,1,'2024-12-02'),(36,6,'2024-11-11',6,1,1,'2024-12-02'),(37,5,'2024-11-14',7,0,1,'2024-12-02'),(38,5,'2024-11-15',8,1,1,'2024-12-02'),(39,6,'2024-11-18',9,1,1,'2024-12-02'),(40,6,'2024-11-19',10,0,1,'2024-12-02'),(41,5,'2024-11-22',11,1,1,'2024-12-02'),(42,6,'2024-11-24',12,1,1,'2024-12-02'),(43,5,'2024-11-25',13,0,1,'2024-12-02'),(44,5,'2024-11-27',14,1,1,'2024-12-02'),(45,6,'2024-11-28',15,0,1,'2024-12-02'),(46,5,'2024-11-30',16,1,1,'2024-12-02'),(47,6,'2024-11-04',17,1,1,'2024-12-02'),(48,5,'2024-11-05',18,0,1,'2024-12-02'),(49,6,'2024-11-07',19,1,1,'2024-12-02'),(50,5,'2024-11-10',20,0,1,'2024-12-02'),(51,5,'2024-11-12',21,1,1,'2024-12-02'),(52,6,'2024-11-13',22,0,1,'2024-12-02'),(53,5,'2024-11-16',23,1,1,'2024-12-02'),(54,6,'2024-11-17',24,0,1,'2024-12-02'),(55,5,'2024-11-20',25,1,1,'2024-12-02'),(56,6,'2024-11-21',26,0,1,'2024-12-02'),(57,5,'2024-11-23',27,1,1,'2024-12-02'),(58,6,'2024-11-25',28,0,1,'2024-12-02'),(59,5,'2024-11-26',29,1,1,'2024-12-02'),(60,6,'2024-11-29',30,0,1,'2024-12-02'),(101,5,'2024-12-01',5,1,0,NULL),(102,5,'2024-12-02',5,1,0,NULL),(103,5,'2024-12-03',5,1,0,NULL),(104,5,'2024-12-04',5,1,0,NULL),(105,5,'2024-12-05',5,1,0,NULL),(106,5,'2024-12-06',5,1,0,NULL),(107,5,'2024-12-07',5,1,0,NULL),(108,5,'2024-12-08',5,1,0,NULL),(109,5,'2024-12-09',5,1,0,NULL),(110,5,'2024-12-10',5,1,0,NULL),(111,5,'2024-12-11',5,1,0,NULL),(112,5,'2024-12-12',5,1,0,NULL),(113,5,'2024-12-13',5,1,0,NULL),(114,5,'2024-12-14',5,1,0,NULL),(115,5,'2024-12-15',5,1,0,NULL),(116,6,'2024-12-01',5,1,0,NULL),(117,6,'2024-12-02',5,0,0,NULL),(118,6,'2024-12-03',5,0,0,NULL),(119,6,'2024-12-04',5,1,0,NULL),(120,6,'2024-12-05',5,0,0,NULL),(121,6,'2024-12-06',5,1,0,NULL),(122,6,'2024-12-07',5,1,0,NULL),(123,6,'2024-12-08',5,1,0,NULL),(124,6,'2024-12-09',5,0,0,NULL),(125,6,'2024-12-10',5,0,0,NULL),(126,6,'2024-12-11',5,1,0,NULL),(127,6,'2024-12-12',5,1,0,NULL),(128,6,'2024-12-13',5,0,0,NULL),(129,6,'2024-12-14',5,1,0,NULL),(130,6,'2024-12-15',5,0,0,NULL),(131,5,'2024-12-01',9,1,0,NULL),(132,5,'2024-12-02',9,1,0,NULL),(133,5,'2024-12-03',9,1,0,NULL),(134,5,'2024-12-04',9,1,0,NULL),(135,5,'2024-12-05',9,1,0,NULL),(136,5,'2024-12-06',9,1,0,NULL),(137,5,'2024-12-07',9,1,0,NULL),(138,5,'2024-12-08',9,1,0,NULL),(139,5,'2024-12-09',9,1,0,NULL),(140,5,'2024-12-10',9,1,0,NULL),(141,5,'2024-12-11',9,1,0,NULL),(142,5,'2024-12-12',9,1,0,NULL),(143,5,'2024-12-13',9,1,0,NULL),(144,5,'2024-12-14',9,1,0,NULL),(145,5,'2024-12-15',9,1,0,NULL),(146,6,'2024-12-01',9,0,0,NULL),(147,6,'2024-12-02',9,0,0,NULL),(148,6,'2024-12-03',9,0,0,NULL),(149,6,'2024-12-04',9,0,0,NULL),(150,6,'2024-12-05',9,0,0,NULL),(151,6,'2024-12-06',9,1,0,NULL),(152,6,'2024-12-07',9,0,0,NULL),(153,6,'2024-12-08',9,1,0,NULL),(154,6,'2024-12-09',9,0,0,NULL),(155,6,'2024-12-10',9,0,0,NULL),(156,6,'2024-12-11',9,1,0,NULL),(157,6,'2024-12-12',9,1,0,NULL),(158,6,'2024-12-13',9,1,0,NULL),(159,6,'2024-12-14',9,0,0,NULL),(160,6,'2024-12-15',9,1,0,NULL);
/*!40000 ALTER TABLE `checkservice` ENABLE KEYS */;
UNLOCK TABLES;

--
-- Table structure for table `children`
--

DROP TABLE IF EXISTS `children`;
/*!40101 SET @saved_cs_client     = @@character_set_client */;
/*!50503 SET character_set_client = utf8mb4 */;
CREATE TABLE `children` (
  `StudentID` int NOT NULL AUTO_INCREMENT,
  `ParentID` int NOT NULL,
  `GradeId` int DEFAULT NULL,
  `Code` varchar(45) NOT NULL,
  `FullName` varchar(45) DEFAULT NULL,
  `NickName` varchar(45) DEFAULT NULL,
  `DOB` datetime DEFAULT NULL,
  `Gender` tinyint DEFAULT NULL,
  `Status` tinyint DEFAULT NULL,
  `EthnicGroups` varchar(45) DEFAULT NULL,
  `Nationality` varchar(45) DEFAULT NULL,
  `Religion` varchar(45) DEFAULT NULL,
  `Avatar` varchar(500) DEFAULT NULL,
  PRIMARY KEY (`StudentID`),
  KEY `fk_Children_Parent1_idx` (`ParentID`),
  KEY `fk_class_Grade1_idx` (`GradeId`),
  CONSTRAINT `fk_child_Grade1` FOREIGN KEY (`GradeId`) REFERENCES `grade` (`GradeID`),
  CONSTRAINT `fk_Children_Parent1` FOREIGN KEY (`ParentID`) REFERENCES `parent` (`ParentID`)
) ENGINE=InnoDB AUTO_INCREMENT=52 DEFAULT CHARSET=utf8mb4 COLLATE=utf8mb4_0900_ai_ci;
/*!40101 SET character_set_client = @saved_cs_client */;

--
-- Dumping data for table `children`
--

LOCK TABLES `children` WRITE;
/*!40000 ALTER TABLE `children` DISABLE KEYS */;
INSERT INTO `children` VALUES (1,77,4,'ST010001','Nguyễn Văn An','Bé An','2020-05-10 00:00:00',1,1,'Kinh','Vietnam','None',NULL),(2,96,3,'ST010002','Nguyễn Thị Bình','Bé Bình','2021-09-15 00:00:00',0,1,'Kinh','Vietnam','None',NULL),(3,47,2,'ST010003','Trần Văn Cường','Bé Cường','2022-03-20 00:00:00',1,1,'Kinh','Vietnam','None',NULL),(4,68,2,'ST010004','Lê Văn Dũng','Bé Dũng','2022-08-30 00:00:00',1,1,'Kinh','Vietnam','None',NULL),(5,44,1,'ST010005','Hoàng Văn Hải','Bé Hải','2023-11-04 00:00:00',1,1,'Kinh','Vietnam','None','https://res.cloudinary.com/dj0idln0z/image/upload/v1733998004/ChildrenProfileImages/138/30cf45ac-3edf-4462-806c-4cad271ba43c.png'),(6,70,3,'ST010006','Hoàng Thị Hoa','Bé Hoa','2021-06-25 00:00:00',0,1,'Kinh','Vietnam','None',NULL),(7,71,3,'ST010007','Phạm Văn Khoa','Bé Khoa','2021-10-10 00:00:00',1,1,'Kinh','Vietnam','None',NULL),(8,72,2,'ST010008','Phạm Thị Lan','Bé Lan','2022-02-12 00:00:00',0,1,'Kinh','Vietnam','None',NULL),(9,44,1,'ST010009','Bùi Văn Long','Bé Long','2023-07-21 00:00:00',1,1,'Kinh','Vietnam','None','https://res.cloudinary.com/dj0idln0z/image/upload/v1733998030/ChildrenProfileImages/138/867a760e-a123-4eb9-a27c-5bed8e865548.png'),(10,74,3,'ST010010','Bùi Thị Mai','Bé Mai','2021-09-30 00:00:00',0,1,'Kinh','Vietnam','None',NULL),(11,75,2,'ST010011','Ngô Văn Minh','Bé Minh','2022-03-15 00:00:00',1,1,'Kinh','Vietnam','None',NULL),(12,76,1,'ST010012','Ngô Thị Ngọc','Bé Ngọc','2023-05-18 00:00:00',0,1,'Kinh','Vietnam','None','https://res.cloudinary.com/dj0idln0z/image/upload/v1733998063/ChildrenProfileImages/138/40288669-0dc4-49bc-987d-ff98fba15055.png'),(13,77,2,'ST010013','Phạm Văn Quang','Bé Quang','2022-12-22 00:00:00',1,1,'Kinh','Vietnam','None',NULL),(14,78,3,'ST010014','Phạm Thị Quyên','Bé Quyên','2021-11-13 00:00:00',0,1,'Kinh','Vietnam','None',NULL),(15,79,4,'ST010015','Võ Văn Sơn','Bé Sơn','2020-01-30 00:00:00',1,1,'Kinh','Vietnam','None',NULL),(16,80,3,'ST010016','Võ Thị Thanh','Bé Thanh','2021-06-22 00:00:00',0,1,'Kinh','Vietnam','None',NULL),(17,81,3,'ST010017','Đặng Văn Tùng','Bé Tùng','2021-04-12 00:00:00',1,1,'Kinh','Vietnam','None',NULL),(18,82,2,'ST010018','Đặng Thị Uyên','Bé Uyên','2022-05-20 00:00:00',0,1,'Kinh','Vietnam','None',NULL),(19,83,4,'ST010019','Nguyễn Văn Việt','Bé Việt','2020-10-10 00:00:00',1,1,'Kinh','Vietnam','None',NULL),(20,84,5,'ST010020','Nguyễn Thị Xuân','Bé Xuân','2019-07-12 00:00:00',0,1,'Kinh','Vietnam','None',NULL),(21,85,5,'ST010021','Lê Văn Yên','Bé Yên','2019-02-22 00:00:00',1,1,'Kinh','Vietnam','None',NULL),(22,86,3,'ST010022','Lê Thị Ánh','Bé Ánh','2021-11-17 00:00:00',0,1,'Kinh','Vietnam','None',NULL),(23,87,1,'ST010023','Trần Văn Bách','Bé Bách','2023-08-21 00:00:00',1,1,'Kinh','Vietnam','None','https://res.cloudinary.com/dj0idln0z/image/upload/v1733998117/ChildrenProfileImages/138/6d88aad8-abd2-470c-b62c-21e8b2727121.png'),(24,88,2,'ST010024','Trần Thị Chi','Bé Chi','2022-12-30 00:00:00',0,1,'Kinh','Vietnam','None',NULL),(25,89,1,'ST010025','Trương Thị Thanh','Bé Duy','2023-04-04 00:00:00',0,1,'Kinh','Vietnam','None','https://res.cloudinary.com/dj0idln0z/image/upload/v1733998380/ChildrenProfileImages/138/356352a8-2fe8-4e65-aaec-d8c6d8b383b0.png'),(26,90,3,'ST010026','Trương Văn Hòa','Bé Hòa','2021-10-17 00:00:00',1,1,'Kinh','Vietnam','None',NULL),(27,91,4,'ST010027','Nguyễn Thị Lan','Bé Lan','2020-03-18 00:00:00',0,1,'Kinh','Vietnam','None',NULL),(28,92,4,'ST010028','Nguyễn Văn Kiên','Bé Kiên','2020-05-12 00:00:00',1,1,'Kinh','Vietnam','None',NULL),(29,93,5,'ST010029','Lê Thị Hoa','Bé Hoa','2029-07-14 00:00:00',0,1,'Kinh','Vietnam','None',NULL),(30,95,2,'ST010030','Phan Văn An','Bé An','2022-11-01 00:00:00',1,1,'Kinh','Vietnam','None',NULL),(31,94,1,'STU00031','Nguyen Thanh An','Be An','2023-05-14 00:00:00',1,1,'Kinh','Vietnam','None','https://res.cloudinary.com/dj0idln0z/image/upload/v1733999099/ChildrenProfileImages/138/5986e5ff-b34b-46f1-b278-13069de00bf0.png'),(32,95,1,'STU00032','Tran Bao Chau','Be Chau','2023-09-09 00:00:00',0,1,'Kinh','Vietnam','None','https://res.cloudinary.com/dj0idln0z/image/upload/v1733999200/ChildrenProfileImages/138/4f92eb0e-cab2-4f06-affd-64af1aea8cd2.png'),(33,46,2,'STU00033','Le Quoc Huy','Be Huy','2022-12-04 00:00:00',1,1,'Kinh','Vietnam','None','https://res.cloudinary.com/dj0idln0z/image/upload/v1734000532/ChildrenProfileImages/139/82cbdbfa-8f6f-4323-9fce-bda8ce3aead9.png'),(34,97,1,'STU00034','Hoang Anh Tuan','Be Tuan','2023-08-21 00:00:00',1,1,'Kinh','Vietnam','None','https://res.cloudinary.com/dj0idln0z/image/upload/v1733999225/ChildrenProfileImages/138/3cc09afc-6f53-4230-961f-e07edc294f25.png'),(35,98,1,'STU00035','Pham Thu Hang','Be Hang','2023-04-17 00:00:00',0,1,'Kinh','Vietnam','None','https://res.cloudinary.com/dj0idln0z/image/upload/v1733999306/ChildrenProfileImages/138/ee0c0720-dcc4-4c11-8867-e605f93605c9.png'),(36,99,2,'STU00036','Do Van Khoa','Be Khoa','2022-06-09 00:00:00',1,1,'Kinh','Vietnam','None','https://res.cloudinary.com/dj0idln0z/image/upload/v1734000566/ChildrenProfileImages/139/09830322-2f5d-476e-b2e2-833dbee147cc.png'),(37,100,1,'STU00037','Vu Hong Quan','Be Quan','2023-08-21 00:00:00',1,1,'Kinh','Vietnam','None','https://res.cloudinary.com/dj0idln0z/image/upload/v1733999329/ChildrenProfileImages/138/ea29de38-1adf-42ac-9f9f-fa9011ddaab5.png'),(38,101,2,'STU00038','Ngo Thu Thao','Be Thao','2022-07-17 00:00:00',0,1,'Kinh','Vietnam','None','https://res.cloudinary.com/dj0idln0z/image/upload/v1734000586/ChildrenProfileImages/139/f55469b3-fbcc-4474-9f1d-a4184b2d5173.png'),(39,102,1,'STU00039','Tran Quoc Khanh','Be Khanh','2023-05-04 00:00:00',1,1,'Kinh','Vietnam','None','https://res.cloudinary.com/dj0idln0z/image/upload/v1733999390/ChildrenProfileImages/138/e38ce7b7-9824-40df-b683-403916024970.png'),(40,103,2,'STU00040','Nguyen Minh Chau','Be Chau','2022-01-07 00:00:00',0,1,'Kinh','Vietnam','None','https://res.cloudinary.com/dj0idln0z/image/upload/v1734000613/ChildrenProfileImages/139/277f2437-0bc0-44c5-ab8b-a261a84ee08c.png'),(41,104,1,'STU00041','Pham Quang Huy','Be Huy','2023-09-13 00:00:00',1,1,'Kinh','Vietnam','None','https://res.cloudinary.com/dj0idln0z/image/upload/v1733999414/ChildrenProfileImages/138/1195de16-ed76-462b-a2a0-1f7c78b504ac.png'),(42,105,2,'STU00042','Hoang Thuy Anh','Be Anh','2022-08-24 00:00:00',0,1,'Kinh','Vietnam','None','https://res.cloudinary.com/dj0idln0z/image/upload/v1734000669/ChildrenProfileImages/139/55e458f9-d418-4e55-b3ae-d154652738f2.png'),(43,106,1,'STU00043','Le Hoang Nam','Be Nam','2023-11-10 00:00:00',1,1,'Kinh','Vietnam','None','https://res.cloudinary.com/dj0idln0z/image/upload/v1733999434/ChildrenProfileImages/138/304ed674-3b05-4ef0-addb-e4ff651aa783.png'),(44,107,2,'STU00044','Dang Thuy Van','Be Van','2022-04-21 00:00:00',0,1,'Kinh','Vietnam','None','https://res.cloudinary.com/dj0idln0z/image/upload/v1734000705/ChildrenProfileImages/139/f08f8b73-1b30-4641-b6c1-b286d11ccc3b.png'),(45,94,1,'STU00045','Nguyen Minh Hoang','Be Hoang','2023-03-29 00:00:00',1,1,'Kinh','Vietnam','None','https://res.cloudinary.com/dj0idln0z/image/upload/v1733999455/ChildrenProfileImages/138/e59d7e12-afdd-4d16-b6df-d4f95db84003.png'),(46,95,2,'STU00046','Tran Ngoc Ha','Be Ha','2022-07-18 00:00:00',0,1,'Kinh','Vietnam','None','https://res.cloudinary.com/dj0idln0z/image/upload/v1734000727/ChildrenProfileImages/139/60753563-b09b-4a0a-afb9-7f9a698c8a7e.png'),(47,96,1,'STU00047','Le Thuy Linh','Be Linh','2023-11-03 00:00:00',0,1,'Kinh','Vietnam','None',NULL),(48,97,2,'STU00048','Hoang Ngoc Mai','Be Mai','2022-02-13 00:00:00',0,1,'Kinh','Vietnam','None','https://res.cloudinary.com/dj0idln0z/image/upload/v1734000751/ChildrenProfileImages/139/20b143d3-9107-4f96-bd7d-ffc7bf25b287.png'),(49,98,1,'STU00049','Pham Thanh Phong','Be Phong','2023-06-29 00:00:00',1,1,'Kinh','Vietnam','None','https://res.cloudinary.com/dj0idln0z/image/upload/v1733999482/ChildrenProfileImages/138/d3d459be-7762-42ad-ba3e-dd1872d1934c.png'),(50,99,2,'STU00050','Do Bich Ngoc','Be Ngoc','2022-12-24 00:00:00',0,1,'Kinh','Vietnam','None','https://res.cloudinary.com/dj0idln0z/image/upload/v1734000779/ChildrenProfileImages/139/538f7746-0468-4bcf-8970-fe0a18e9b36f.png'),(51,69,1,'ST010051','Nguyễn Sơn Bách','545454','2024-12-10 00:00:00',0,1,'VN','VN','VN','');
/*!40000 ALTER TABLE `children` ENABLE KEYS */;
UNLOCK TABLES;

--
-- Table structure for table `children_has_services`
--

DROP TABLE IF EXISTS `children_has_services`;
/*!40101 SET @saved_cs_client     = @@character_set_client */;
/*!50503 SET character_set_client = utf8mb4 */;
CREATE TABLE `children_has_services` (
  `ChidrenServicesID` int NOT NULL,
  `Time` date DEFAULT NULL,
  `Status` int DEFAULT NULL,
  `ServiceID` int NOT NULL,
  `StudentID` int NOT NULL,
  PRIMARY KEY (`ChidrenServicesID`),
  KEY `fk_children_has_services_services1_idx` (`ServiceID`),
  KEY `fk_children_has_services_children1_idx` (`StudentID`),
  CONSTRAINT `fk_children_has_services_children1` FOREIGN KEY (`StudentID`) REFERENCES `children` (`StudentID`),
  CONSTRAINT `fk_children_has_services_services1` FOREIGN KEY (`ServiceID`) REFERENCES `services` (`ServiceID`)
) ENGINE=InnoDB DEFAULT CHARSET=utf8mb4 COLLATE=utf8mb4_0900_ai_ci;
/*!40101 SET character_set_client = @saved_cs_client */;

--
-- Dumping data for table `children_has_services`
--

LOCK TABLES `children_has_services` WRITE;
/*!40000 ALTER TABLE `children_has_services` DISABLE KEYS */;
/*!40000 ALTER TABLE `children_has_services` ENABLE KEYS */;
UNLOCK TABLES;

--
-- Table structure for table `class`
--

DROP TABLE IF EXISTS `class`;
/*!40101 SET @saved_cs_client     = @@character_set_client */;
/*!50503 SET character_set_client = utf8mb4 */;
CREATE TABLE `class` (
  `ClassID` int NOT NULL AUTO_INCREMENT,
  `ClassName` varchar(45) DEFAULT NULL,
  `Number` int DEFAULT NULL,
  `IsActive` tinyint DEFAULT NULL,
  `SchoolID` int NOT NULL,
  `SemesterID` int NOT NULL,
  `GradeID` int NOT NULL,
  `Status` int DEFAULT NULL,
  PRIMARY KEY (`ClassID`),
  KEY `fk_class_school1_idx` (`SchoolID`),
  KEY `fk_class_Semester1_idx` (`SemesterID`),
  KEY `fk_class_Grade1_idx` (`GradeID`),
  CONSTRAINT `fk_class_Grade2` FOREIGN KEY (`GradeID`) REFERENCES `grade` (`GradeID`),
  CONSTRAINT `fk_class_school1` FOREIGN KEY (`SchoolID`) REFERENCES `school` (`SchoolID`),
  CONSTRAINT `fk_class_Semester1` FOREIGN KEY (`SemesterID`) REFERENCES `semester` (`SemesterID`)
) ENGINE=InnoDB AUTO_INCREMENT=147 DEFAULT CHARSET=utf8mb4 COLLATE=utf8mb4_0900_ai_ci;
/*!40101 SET character_set_client = @saved_cs_client */;

--
-- Dumping data for table `class`
--

LOCK TABLES `class` WRITE;
/*!40000 ALTER TABLE `class` DISABLE KEYS */;
INSERT INTO `class` VALUES (138,'Flower',15,1,1,7,1,2),(139,'Baby',15,1,1,7,2,2),(140,'Violet',20,1,1,7,3,1),(141,'Tulip',15,1,1,7,4,1),(142,'Violet',20,1,1,7,5,1),(143,'Bonnie',15,1,1,7,1,1),(144,'Tiger',20,1,1,7,2,1),(145,'Cat',15,1,1,7,3,1),(146,'Tiger',20,1,1,7,4,1);
/*!40000 ALTER TABLE `class` ENABLE KEYS */;
UNLOCK TABLES;

--
-- Table structure for table `class_has_children`
--

DROP TABLE IF EXISTS `class_has_children`;
/*!40101 SET @saved_cs_client     = @@character_set_client */;
/*!50503 SET character_set_client = utf8mb4 */;
CREATE TABLE `class_has_children` (
  `ClassID` int NOT NULL,
  `StudentID` int NOT NULL,
  `Date` datetime DEFAULT NULL,
  PRIMARY KEY (`ClassID`,`StudentID`),
  KEY `fk_class_has_children_children1_idx` (`StudentID`),
  KEY `fk_class_has_children_class1_idx` (`ClassID`),
  CONSTRAINT `fk_class_has_children_children1` FOREIGN KEY (`StudentID`) REFERENCES `children` (`StudentID`),
  CONSTRAINT `fk_class_has_children_class1` FOREIGN KEY (`ClassID`) REFERENCES `class` (`ClassID`)
) ENGINE=InnoDB DEFAULT CHARSET=utf8mb4 COLLATE=utf8mb4_0900_ai_ci;
/*!40101 SET character_set_client = @saved_cs_client */;

--
-- Dumping data for table `class_has_children`
--

LOCK TABLES `class_has_children` WRITE;
/*!40000 ALTER TABLE `class_has_children` DISABLE KEYS */;
INSERT INTO `class_has_children` VALUES (138,5,'2024-12-11 17:49:58'),(138,9,'2024-12-11 17:49:59'),(138,12,'2024-12-11 17:49:59'),(138,23,'2024-12-11 17:49:59'),(138,25,'2024-12-11 17:49:59'),(138,31,'2024-12-11 22:19:27'),(138,32,'2024-12-11 22:19:27'),(138,34,'2024-12-11 22:19:27'),(138,35,'2024-12-11 22:19:27'),(138,37,'2024-12-11 22:19:27'),(138,39,'2024-12-11 22:19:27'),(138,41,'2024-12-11 22:19:27'),(138,43,'2024-12-11 22:19:27'),(138,45,'2024-12-11 22:19:27'),(138,49,'2024-12-11 22:19:27'),(139,33,'2024-12-11 22:23:08'),(139,36,'2024-12-11 22:23:08'),(139,38,'2024-12-11 22:23:08'),(139,40,'2024-12-11 22:23:08'),(139,42,'2024-12-11 22:23:08'),(139,44,'2024-12-11 22:23:08'),(139,46,'2024-12-11 22:23:08'),(139,48,'2024-12-11 22:23:08'),(139,50,'2024-12-11 22:23:08'),(140,2,'2024-12-11 17:54:06'),(140,6,'2024-12-11 17:54:06'),(140,7,'2024-12-11 17:54:06'),(140,10,'2024-12-11 17:54:06'),(140,14,'2024-12-11 17:54:06'),(140,16,'2024-12-11 17:54:06'),(140,17,'2024-12-11 17:54:06'),(140,22,'2024-12-11 17:54:06'),(140,26,'2024-12-11 17:54:06'),(141,1,'2024-12-11 17:54:06'),(141,15,'2024-12-11 17:54:07'),(141,19,'2024-12-11 17:54:07'),(141,27,'2024-12-11 17:54:07'),(141,28,'2024-12-11 17:54:07'),(142,20,'2024-12-11 17:54:07'),(142,21,'2024-12-11 17:54:07'),(142,29,'2024-12-11 17:54:07'),(143,47,'2024-12-11 22:19:27');
/*!40000 ALTER TABLE `class_has_children` ENABLE KEYS */;
UNLOCK TABLES;

--
-- Table structure for table `discount`
--

DROP TABLE IF EXISTS `discount`;
/*!40101 SET @saved_cs_client     = @@character_set_client */;
/*!50503 SET character_set_client = utf8mb4 */;
CREATE TABLE `discount` (
  `DiscountId` int NOT NULL AUTO_INCREMENT,
  `Number` int DEFAULT NULL,
  `Discount` int DEFAULT NULL,
  PRIMARY KEY (`DiscountId`)
) ENGINE=InnoDB AUTO_INCREMENT=5 DEFAULT CHARSET=utf8mb4 COLLATE=utf8mb4_0900_ai_ci;
/*!40101 SET character_set_client = @saved_cs_client */;

--
-- Dumping data for table `discount`
--

LOCK TABLES `discount` WRITE;
/*!40000 ALTER TABLE `discount` DISABLE KEYS */;
INSERT INTO `discount` VALUES (1,1,0),(2,3,3),(3,6,6);
/*!40000 ALTER TABLE `discount` ENABLE KEYS */;
UNLOCK TABLES;

--
-- Table structure for table `grade`
--

DROP TABLE IF EXISTS `grade`;
/*!40101 SET @saved_cs_client     = @@character_set_client */;
/*!50503 SET character_set_client = utf8mb4 */;
CREATE TABLE `grade` (
  `GradeID` int NOT NULL AUTO_INCREMENT,
  `Name` varchar(45) DEFAULT NULL,
  `description` varchar(45) DEFAULT NULL,
  `BaseTuitionFee` decimal(12,0) DEFAULT NULL,
  PRIMARY KEY (`GradeID`)
) ENGINE=InnoDB AUTO_INCREMENT=8 DEFAULT CHARSET=utf8mb4 COLLATE=utf8mb4_0900_ai_ci;
/*!40101 SET character_set_client = @saved_cs_client */;

--
-- Dumping data for table `grade`
--

LOCK TABLES `grade` WRITE;
/*!40000 ALTER TABLE `grade` DISABLE KEYS */;
INSERT INTO `grade` VALUES (1,'1',NULL,15000000),(2,'2',NULL,10000000),(3,'3',NULL,10000000),(4,'4',NULL,12000000),(5,'5',NULL,13000000);
/*!40000 ALTER TABLE `grade` ENABLE KEYS */;
UNLOCK TABLES;

--
-- Table structure for table `image`
--

DROP TABLE IF EXISTS `image`;
/*!40101 SET @saved_cs_client     = @@character_set_client */;
/*!50503 SET character_set_client = utf8mb4 */;
CREATE TABLE `image` (
  `ImageID` int NOT NULL AUTO_INCREMENT,
  `AlbumID` int NOT NULL,
  `imgURL` varchar(200) DEFAULT NULL,
  `PostedAt` datetime DEFAULT NULL,
  `Caption` varchar(100) DEFAULT NULL,
  PRIMARY KEY (`ImageID`),
  KEY `fk_image_album1_idx` (`AlbumID`),
  CONSTRAINT `fk_image_album1` FOREIGN KEY (`AlbumID`) REFERENCES `album` (`AlbumID`)
) ENGINE=InnoDB AUTO_INCREMENT=80 DEFAULT CHARSET=utf8mb4 COLLATE=utf8mb4_0900_ai_ci;
/*!40101 SET character_set_client = @saved_cs_client */;

--
-- Dumping data for table `image`
--

LOCK TABLES `image` WRITE;
/*!40000 ALTER TABLE `image` DISABLE KEYS */;
INSERT INTO `image` VALUES (13,11,'https://res.cloudinary.com/dj0idln0z/image/upload/v1734009945/AlbumImages/11/27d48dd7-3176-4c35-865c-fb22c73c830e.jpg','2024-12-12 20:25:50','món ăn ngày 11/12/2024'),(14,11,'https://res.cloudinary.com/dj0idln0z/image/upload/v1734009946/AlbumImages/11/fef99009-dd3f-4660-af7f-6b4666d9e6a6.jpg','2024-12-12 20:25:51','món ăn ngày 11/12/2024'),(15,11,'https://res.cloudinary.com/dj0idln0z/image/upload/v1734009947/AlbumImages/11/f4d06894-d546-4349-933f-d74c73b5b717.jpg','2024-12-12 20:25:51','món ăn ngày 11/12/2024'),(16,11,'https://res.cloudinary.com/dj0idln0z/image/upload/v1734009948/AlbumImages/11/e42d3ec4-6c7d-426e-bc4d-bb586c216576.jpg','2024-12-12 20:25:52','món ăn ngày 11/12/2024'),(17,11,'https://res.cloudinary.com/dj0idln0z/image/upload/v1734009948/AlbumImages/11/384d8294-7d79-4836-af3d-0c1be0ee199f.jpg','2024-12-12 20:25:53','món ăn ngày 11/12/2024'),(18,10,'https://res.cloudinary.com/dj0idln0z/image/upload/v1734010009/AlbumImages/10/038f063b-a8cb-44a0-9895-aed47bfd7bd7.jpg','2024-12-12 20:26:53','ảnh sinh hoạt'),(19,10,'https://res.cloudinary.com/dj0idln0z/image/upload/v1734010010/AlbumImages/10/942d9035-1cc2-4cb1-927d-7b3a496b5f5c.jpg','2024-12-12 20:26:54','ảnh sinh hoạt'),(20,10,'https://res.cloudinary.com/dj0idln0z/image/upload/v1734010011/AlbumImages/10/919f5e78-f6b8-4931-b076-b4c3a3521355.jpg','2024-12-12 20:26:55','ảnh sinh hoạt'),(21,10,'https://res.cloudinary.com/dj0idln0z/image/upload/v1734010012/AlbumImages/10/21a33893-5358-41da-9fe9-02abeabdd241.jpg','2024-12-12 20:26:56','ảnh sinh hoạt'),(22,10,'https://res.cloudinary.com/dj0idln0z/image/upload/v1734010013/AlbumImages/10/d926ee3d-9253-4b4b-b795-7888a1c39ff3.jpg','2024-12-12 20:26:57','ảnh sinh hoạt'),(23,10,'https://res.cloudinary.com/dj0idln0z/image/upload/v1734010013/AlbumImages/10/86cf0caa-74f9-478e-b5f0-e3c55f5f3986.jpg','2024-12-12 20:26:58','ảnh sinh hoạt'),(24,10,'https://res.cloudinary.com/dj0idln0z/image/upload/v1734010014/AlbumImages/10/e110de00-d2e6-4e98-8727-4aed204f73db.jpg','2024-12-12 20:26:59','ảnh sinh hoạt'),(25,10,'https://res.cloudinary.com/dj0idln0z/image/upload/v1734010015/AlbumImages/10/4cc321b8-8497-4e2e-916c-0c830f192124.jpg','2024-12-12 20:27:00','ảnh sinh hoạt'),(26,10,'https://res.cloudinary.com/dj0idln0z/image/upload/v1734010016/AlbumImages/10/7b3bbf52-db26-4024-8e5a-68afa56e138c.jpg','2024-12-12 20:27:00','ảnh sinh hoạt'),(27,10,'https://res.cloudinary.com/dj0idln0z/image/upload/v1734010017/AlbumImages/10/958ef353-9436-436d-b6e9-88a04a9b1400.jpg','2024-12-12 20:27:02','ảnh sinh hoạt'),(28,9,'https://res.cloudinary.com/dj0idln0z/image/upload/v1734010086/AlbumImages/9/b64e113e-7dac-49b0-967e-d0995c563262.jpg','2024-12-12 20:28:11','ảnh sinh hoạt'),(29,9,'https://res.cloudinary.com/dj0idln0z/image/upload/v1734010087/AlbumImages/9/26e762da-b3f6-4d66-a9ba-5b2f2f8db9d3.jpg','2024-12-12 20:28:11','ảnh sinh hoạt'),(30,9,'https://res.cloudinary.com/dj0idln0z/image/upload/v1734010088/AlbumImages/9/86c2d9b8-cf32-4835-aa7d-d06dcfdb4072.jpg','2024-12-12 20:28:12','ảnh sinh hoạt'),(31,9,'https://res.cloudinary.com/dj0idln0z/image/upload/v1734010089/AlbumImages/9/c9d8e963-f7af-4454-a15e-7d59a9dd1ae9.jpg','2024-12-12 20:28:13','ảnh sinh hoạt'),(32,9,'https://res.cloudinary.com/dj0idln0z/image/upload/v1734010089/AlbumImages/9/53a049da-3a21-4617-a63e-2df517f15f57.jpg','2024-12-12 20:28:13','ảnh sinh hoạt'),(33,9,'https://res.cloudinary.com/dj0idln0z/image/upload/v1734010090/AlbumImages/9/0e52d6e2-020b-4fc7-931f-16678c57f9ab.jpg','2024-12-12 20:28:14','ảnh sinh hoạt'),(34,9,'https://res.cloudinary.com/dj0idln0z/image/upload/v1734010091/AlbumImages/9/996e8700-6181-4c95-a244-b5191dcb3078.jpg','2024-12-12 20:28:15','ảnh sinh hoạt'),(35,9,'https://res.cloudinary.com/dj0idln0z/image/upload/v1734010091/AlbumImages/9/5a793a34-62d0-44b4-a7ff-cc71aeb890dd.jpg','2024-12-12 20:28:15','ảnh sinh hoạt'),(36,9,'https://res.cloudinary.com/dj0idln0z/image/upload/v1734010092/AlbumImages/9/7f668248-8f3d-4f15-962c-c7336841292b.jpg','2024-12-12 20:28:16','ảnh sinh hoạt'),(37,9,'https://res.cloudinary.com/dj0idln0z/image/upload/v1734010093/AlbumImages/9/60773002-7886-4d5a-8fea-85503cfb4cb4.jpg','2024-12-12 20:28:17','ảnh sinh hoạt'),(38,9,'https://res.cloudinary.com/dj0idln0z/image/upload/v1734010093/AlbumImages/9/96625a00-8ad5-434e-b68f-9579339e3e07.jpg','2024-12-12 20:28:18','ảnh sinh hoạt'),(39,9,'https://res.cloudinary.com/dj0idln0z/image/upload/v1734010094/AlbumImages/9/89dec05b-ae31-410c-befc-ede48a9a1a93.jpg','2024-12-12 20:28:18','ảnh sinh hoạt'),(40,12,'https://res.cloudinary.com/dj0idln0z/image/upload/v1734010294/AlbumImages/12/a27accbd-3d76-459a-b7cf-875bef065c74.jpg','2024-12-12 20:31:38','Album '),(41,12,'https://res.cloudinary.com/dj0idln0z/image/upload/v1734010295/AlbumImages/12/0749ab0c-7c1f-48f4-b3a3-64b836561a99.jpg','2024-12-12 20:31:39','Album '),(42,12,'https://res.cloudinary.com/dj0idln0z/image/upload/v1734010296/AlbumImages/12/277fb02d-c013-4ac5-8187-7c6eae19928e.jpg','2024-12-12 20:31:40','Album '),(43,12,'https://res.cloudinary.com/dj0idln0z/image/upload/v1734010297/AlbumImages/12/e8c0f4d8-0200-4f74-b95a-767eda678e3f.jpg','2024-12-12 20:31:41','Album '),(44,12,'https://res.cloudinary.com/dj0idln0z/image/upload/v1734010297/AlbumImages/12/75976613-1331-414c-b506-57cbc838a450.jpg','2024-12-12 20:31:42','Album '),(45,12,'https://res.cloudinary.com/dj0idln0z/image/upload/v1734010298/AlbumImages/12/b818992c-7f13-4cda-9287-1b8c70d5e520.jpg','2024-12-12 20:31:42','Album '),(46,12,'https://res.cloudinary.com/dj0idln0z/image/upload/v1734010299/AlbumImages/12/311f7cfb-1e6e-4999-a12f-1f37094f7bf3.jpg','2024-12-12 20:31:43','Album '),(47,12,'https://res.cloudinary.com/dj0idln0z/image/upload/v1734010300/AlbumImages/12/14af6a4a-6cf6-46dc-b1e5-87f877b32383.jpg','2024-12-12 20:31:44','Album '),(48,12,'https://res.cloudinary.com/dj0idln0z/image/upload/v1734010300/AlbumImages/12/9b53c334-9543-4cb9-b8f0-ef43c411d1e6.jpg','2024-12-12 20:31:44','Album '),(49,12,'https://res.cloudinary.com/dj0idln0z/image/upload/v1734010301/AlbumImages/12/2aa6090f-7169-45dd-8ccf-cf8479d13df4.jpg','2024-12-12 20:31:45','Album '),(50,12,'https://res.cloudinary.com/dj0idln0z/image/upload/v1734010302/AlbumImages/12/91200228-13c1-4ed2-be47-01776e35cf55.jpg','2024-12-12 20:31:46','Album '),(51,12,'https://res.cloudinary.com/dj0idln0z/image/upload/v1734010302/AlbumImages/12/88a952a1-805e-4c25-9a9d-2832e594872c.jpg','2024-12-12 20:31:46','Album '),(52,12,'https://res.cloudinary.com/dj0idln0z/image/upload/v1734010303/AlbumImages/12/875c8b79-37ca-4b77-9414-d9f17c94add3.jpg','2024-12-12 20:31:47','Album '),(53,12,'https://res.cloudinary.com/dj0idln0z/image/upload/v1734010304/AlbumImages/12/31d15ffc-f612-4a0d-91ec-7c14579e4167.jpg','2024-12-12 20:31:48','Album '),(54,13,'https://res.cloudinary.com/dj0idln0z/image/upload/v1734010335/AlbumImages/13/4817ca86-b1ee-4cc6-8f2f-0896dd89e7d1.jpg','2024-12-12 20:32:19','Album'),(55,13,'https://res.cloudinary.com/dj0idln0z/image/upload/v1734010336/AlbumImages/13/380e9bda-978b-4d44-b18d-41b4cdf094c3.jpg','2024-12-12 20:32:20','Album'),(56,13,'https://res.cloudinary.com/dj0idln0z/image/upload/v1734010337/AlbumImages/13/c2f774f9-292c-40f7-820b-9fa2bdd07d83.jpg','2024-12-12 20:32:21','Album'),(57,13,'https://res.cloudinary.com/dj0idln0z/image/upload/v1734010337/AlbumImages/13/fee1430a-6481-476f-85bd-5ce50d0cf151.jpg','2024-12-12 20:32:21','Album'),(58,13,'https://res.cloudinary.com/dj0idln0z/image/upload/v1734010338/AlbumImages/13/ec7af5e1-2493-4e52-9565-3d76137833f1.jpg','2024-12-12 20:32:22','Album'),(59,13,'https://res.cloudinary.com/dj0idln0z/image/upload/v1734010339/AlbumImages/13/6ef24827-1af8-41ed-b050-f3d57a0ab4d1.jpg','2024-12-12 20:32:23','Album'),(60,13,'https://res.cloudinary.com/dj0idln0z/image/upload/v1734010340/AlbumImages/13/1091ae49-3b2e-4257-8a4e-6ba4f805967c.jpg','2024-12-12 20:32:24','Album'),(61,13,'https://res.cloudinary.com/dj0idln0z/image/upload/v1734010340/AlbumImages/13/2d2a6c8a-5d2c-4584-b177-04d44b52cfc1.jpg','2024-12-12 20:32:25','Album'),(62,13,'https://res.cloudinary.com/dj0idln0z/image/upload/v1734010341/AlbumImages/13/23235cae-0c9a-4896-87d7-e8dbe0f56cf9.jpg','2024-12-12 20:32:25','Album'),(63,13,'https://res.cloudinary.com/dj0idln0z/image/upload/v1734010342/AlbumImages/13/08ff1fa3-df6a-4a62-8e9b-5a24a555fec2.jpg','2024-12-12 20:32:26','Album'),(64,13,'https://res.cloudinary.com/dj0idln0z/image/upload/v1734010343/AlbumImages/13/a5c8500d-a87f-400e-893b-d0835a1782cd.jpg','2024-12-12 20:32:28','Album'),(65,13,'https://res.cloudinary.com/dj0idln0z/image/upload/v1734010344/AlbumImages/13/10c7220b-bfe4-4ab4-8fc5-170efd1facdf.jpg','2024-12-12 20:32:28','Album'),(66,13,'https://res.cloudinary.com/dj0idln0z/image/upload/v1734010345/AlbumImages/13/27849483-002b-42ab-a579-14f14acc5f86.jpg','2024-12-12 20:32:29','Album'),(67,13,'https://res.cloudinary.com/dj0idln0z/image/upload/v1734010346/AlbumImages/13/216aea5b-b17d-493d-bf57-a7fef6e48915.jpg','2024-12-12 20:32:30','Album'),(68,13,'https://res.cloudinary.com/dj0idln0z/image/upload/v1734010347/AlbumImages/13/acb6ecfe-33b2-4bce-8138-2c8458ea089c.jpg','2024-12-12 20:32:31','Album'),(69,14,'https://res.cloudinary.com/dj0idln0z/image/upload/v1734010389/AlbumImages/14/693dfa9b-6dcc-4e4f-872d-c68f8e41962b.jpg','2024-12-12 20:33:13','Album'),(70,14,'https://res.cloudinary.com/dj0idln0z/image/upload/v1734010390/AlbumImages/14/01bf7389-5db7-4f8a-b37d-5bc5195f3dca.jpg','2024-12-12 20:33:14','Album'),(71,14,'https://res.cloudinary.com/dj0idln0z/image/upload/v1734010392/AlbumImages/14/af36b379-8046-4900-9e4b-aa55323b4578.jpg','2024-12-12 20:33:16','Album'),(72,14,'https://res.cloudinary.com/dj0idln0z/image/upload/v1734010392/AlbumImages/14/ab264227-0dcc-419e-a9f7-d5e7a27c9a5d.jpg','2024-12-12 20:33:17','Album'),(73,14,'https://res.cloudinary.com/dj0idln0z/image/upload/v1734010393/AlbumImages/14/77f7861a-2552-4913-86c3-b7908c220324.jpg','2024-12-12 20:33:17','Album'),(74,14,'https://res.cloudinary.com/dj0idln0z/image/upload/v1734010394/AlbumImages/14/a9685fcd-30f5-4276-932f-50ac90b2c803.jpg','2024-12-12 20:33:18','Album'),(75,14,'https://res.cloudinary.com/dj0idln0z/image/upload/v1734010395/AlbumImages/14/1a0157a4-aa31-4219-901e-8e5d1dc89cc7.jpg','2024-12-12 20:33:19','Album'),(76,14,'https://res.cloudinary.com/dj0idln0z/image/upload/v1734010395/AlbumImages/14/3bff2525-3472-4cf3-a333-4a3677b02889.jpg','2024-12-12 20:33:19','Album'),(77,14,'https://res.cloudinary.com/dj0idln0z/image/upload/v1734010396/AlbumImages/14/14312584-cb84-47ae-8a6c-83b486bcc904.jpg','2024-12-12 20:33:20','Album'),(78,14,'https://res.cloudinary.com/dj0idln0z/image/upload/v1734010397/AlbumImages/14/a78b01ae-ae29-4320-b537-b7e17027ce42.jpg','2024-12-12 20:33:21','Album'),(79,14,'https://res.cloudinary.com/dj0idln0z/image/upload/v1734010398/AlbumImages/14/a5653a85-40b3-4d68-ad04-45953ff19f62.jpg','2024-12-12 20:33:22','Album');
/*!40000 ALTER TABLE `image` ENABLE KEYS */;
UNLOCK TABLES;

--
-- Table structure for table `location`
--

DROP TABLE IF EXISTS `location`;
/*!40101 SET @saved_cs_client     = @@character_set_client */;
/*!50503 SET character_set_client = utf8mb4 */;
CREATE TABLE `location` (
  `LocationID` int NOT NULL AUTO_INCREMENT,
  `LocationName` varchar(45) DEFAULT NULL,
  `Status` int DEFAULT NULL,
  PRIMARY KEY (`LocationID`)
) ENGINE=InnoDB AUTO_INCREMENT=9 DEFAULT CHARSET=utf8mb4 COLLATE=utf8mb4_0900_ai_ci;
/*!40101 SET character_set_client = @saved_cs_client */;

--
-- Dumping data for table `location`
--

LOCK TABLES `location` WRITE;
/*!40000 ALTER TABLE `location` DISABLE KEYS */;
INSERT INTO `location` VALUES (1,'Trống',1),(2,'Khu vui chơi ngoài trời',1),(3,'Bể bơi',1),(4,'Vườn rau',1),(5,'Ngoài trời',1),(6,'Phòng âm nhạc',1),(7,'Phòng Học',1);
/*!40000 ALTER TABLE `location` ENABLE KEYS */;
UNLOCK TABLES;

--
-- Table structure for table `menu`
--

DROP TABLE IF EXISTS `menu`;
/*!40101 SET @saved_cs_client     = @@character_set_client */;
/*!50503 SET character_set_client = utf8mb4 */;
CREATE TABLE `menu` (
  `MenuID` int NOT NULL AUTO_INCREMENT,
  `StartDate` date DEFAULT NULL,
  `EndDate` date DEFAULT NULL,
  `SchoolID` int NOT NULL,
  `Status` int DEFAULT NULL,
  PRIMARY KEY (`MenuID`),
  KEY `fk_menu_school1_idx` (`SchoolID`),
  CONSTRAINT `fk_menu_school1` FOREIGN KEY (`SchoolID`) REFERENCES `school` (`SchoolID`)
) ENGINE=InnoDB AUTO_INCREMENT=24 DEFAULT CHARSET=utf8mb4 COLLATE=utf8mb4_0900_ai_ci;
/*!40101 SET character_set_client = @saved_cs_client */;

--
-- Dumping data for table `menu`
--

LOCK TABLES `menu` WRITE;
/*!40000 ALTER TABLE `menu` DISABLE KEYS */;
INSERT INTO `menu` VALUES (20,'2024-12-09','2024-12-15',1,1),(21,'2024-12-02','2024-12-08',1,0),(22,'2024-12-02','2024-12-08',1,0),(23,'2024-12-09','2024-12-15',1,0);
/*!40000 ALTER TABLE `menu` ENABLE KEYS */;
UNLOCK TABLES;

--
-- Table structure for table `menu_has_grade`
--

DROP TABLE IF EXISTS `menu_has_grade`;
/*!40101 SET @saved_cs_client     = @@character_set_client */;
/*!50503 SET character_set_client = utf8mb4 */;
CREATE TABLE `menu_has_grade` (
  `MenuID` int NOT NULL,
  `GradeID` int NOT NULL,
  `CreatedDate` datetime DEFAULT CURRENT_TIMESTAMP,
  PRIMARY KEY (`MenuID`,`GradeID`),
  KEY `fk_menu_idx` (`MenuID`),
  KEY `fk_grade_idx` (`GradeID`),
  CONSTRAINT `fk_grade` FOREIGN KEY (`GradeID`) REFERENCES `grade` (`GradeID`) ON DELETE CASCADE ON UPDATE CASCADE,
  CONSTRAINT `fk_menu` FOREIGN KEY (`MenuID`) REFERENCES `menu` (`MenuID`) ON DELETE CASCADE ON UPDATE CASCADE
) ENGINE=InnoDB DEFAULT CHARSET=utf8mb4 COLLATE=utf8mb4_0900_ai_ci;
/*!40101 SET character_set_client = @saved_cs_client */;

--
-- Dumping data for table `menu_has_grade`
--

LOCK TABLES `menu_has_grade` WRITE;
/*!40000 ALTER TABLE `menu_has_grade` DISABLE KEYS */;
INSERT INTO `menu_has_grade` VALUES (20,1,'2024-12-12 16:55:21'),(20,2,'2024-12-12 16:55:21'),(20,3,'2024-12-12 16:55:21'),(21,1,'2024-12-12 16:58:59'),(21,2,'2024-12-12 16:58:59'),(21,3,'2024-12-12 16:58:59'),(22,4,'2024-12-12 17:01:31'),(22,5,'2024-12-12 17:01:31'),(23,4,'2024-12-12 17:05:59'),(23,5,'2024-12-12 17:05:59');
/*!40000 ALTER TABLE `menu_has_grade` ENABLE KEYS */;
UNLOCK TABLES;

--
-- Table structure for table `menudetail`
--

DROP TABLE IF EXISTS `menudetail`;
/*!40101 SET @saved_cs_client     = @@character_set_client */;
/*!50503 SET character_set_client = utf8mb4 */;
CREATE TABLE `menudetail` (
  `MenuDetailID` int NOT NULL AUTO_INCREMENT,
  `MenuID` int NOT NULL,
  `MealCode` varchar(10) NOT NULL,
  `DayOfWeek` varchar(10) NOT NULL,
  `FoodName` varchar(255) NOT NULL,
  PRIMARY KEY (`MenuDetailID`),
  KEY `MenuID` (`MenuID`),
  CONSTRAINT `menudetail_ibfk_1` FOREIGN KEY (`MenuID`) REFERENCES `menu` (`MenuID`) ON DELETE CASCADE
) ENGINE=InnoDB AUTO_INCREMENT=701 DEFAULT CHARSET=utf8mb4 COLLATE=utf8mb4_0900_ai_ci;
/*!40101 SET character_set_client = @saved_cs_client */;

--
-- Dumping data for table `menudetail`
--

LOCK TABLES `menudetail` WRITE;
/*!40000 ALTER TABLE `menudetail` DISABLE KEYS */;
INSERT INTO `menudetail` VALUES (342,20,'BS','Monday','Sandwishes kẹp dăm bông pho mai'),(343,20,'BS','Tuesday','Xôi thịt kho chả'),(344,20,'BS','Wednesday','Bánh mì'),(345,20,'BS','Thursday','Xôi ngô thịt rim/Steamed glutinous rice served with simmered minced pork, sweet corn'),(346,20,'BS','Friday','Thịt hầm sốt Demi (kèm bánh mỳ)/Stewed pork with Demi glace sauce (served with bread)'),(347,20,'BS','Saturday','Sandwishes kẹp dăm bông pho mai/Jamboong sandwich and cheese'),(348,20,'BS','Monday','Mỳ udon nấu thịt bò'),(349,20,'BS','Tuesday','Bánh đa tôm HP'),(350,20,'BS','Wednesday','Sữa chua'),(351,20,'BS','Thursday','Cháo thịt bò + Quẩy/Beef congee and Crispy rice cake'),(352,20,'BS','Friday','Bún cá nấu chua/Sweet and sour Fish soup with rice noodles'),(353,20,'BS','Saturday','Mỳ udon nấu thịt bò/Beef Udon (Niku Udon)'),(354,20,'BS','Monday','Sữa uống lên men/ Sữa tươi'),(355,20,'BS','Tuesday','Sữa uống lên men/ Sữa tươi'),(356,20,'BS','Wednesday','Cháo bò'),(357,20,'BS','Thursday','Sữa uống lên men Fermented milk/ Sữa tươi Milk'),(358,20,'BS','Friday','Sữa uống lên men Fermented milk/ Sữa tươi Milk'),(359,20,'BS','Saturday','Sữa uống lên men Fermented milk/ Sữa tươi Milk'),(360,20,'BT','Monday','Cháo gà bí xanh'),(361,20,'BT','Tuesday','Cháo tôm cà rốt'),(362,20,'BT','Wednesday','Mỳ udon nấu bò'),(363,20,'BT','Thursday','Cháo cá thì là/\nFish congee with dill'),(364,20,'BT','Friday','Cháo gà bí xanh/Chicken congee with wax gourd'),(365,20,'BT','Saturday','Cháo gà bí xanh/Chicken congee with wax gourd'),(366,20,'BT','Monday','Gà lắc phô mai cam'),(367,20,'BT','Tuesday','Tôm rim thịt'),(368,20,'BT','Wednesday','Khoai tây chiên'),(369,20,'BT','Thursday','Cá sốt mắm tỏi/Fried fish with fish sauce and garlic sauce'),(370,20,'BT','Friday','Gà lắc phô mai cam/Fried chicken shaked with cheese powder'),(371,20,'BT','Saturday','Gà lắc phô mai cam/Fried chicken shaked with cheese powder'),(372,20,'BT','Monday','Bí xanh, cà rốt luộc chấm muối vừng'),(373,20,'BT','Tuesday','Cải ngồng sốt dầu hào'),(374,20,'BT','Wednesday','Dưa hấu'),(375,20,'BT','Thursday','Cải thảo xào nám/Stir-fried Chinese cabbage and mushroom'),(376,20,'BT','Friday','Bí xanh, cà rốt luộc chấm muối vừng/Boiled gourd, carrot (served with roasted sesame salt)'),(377,20,'BT','Saturday','Bí xanh, cà rốt luộc chấm muối vừng/Boiled gourd, carrot (served with roasted sesame salt)'),(378,20,'BT','Monday','Canh mồng tơi, mướp nấu tôm'),(379,20,'BT','Tuesday','Canh củ cải cà rốt hầm xương'),(380,20,'BT','Wednesday','Cơm nắm ngũ sắc'),(381,20,'BT','Thursday','Canh thịt nấu chua/Sour miced meat soup'),(382,20,'BT','Friday','Canh mồng tơi, mướp nấu tôm/Malabar spinach, sponge gourd and shrimp soup '),(383,20,'BT','Saturday','Canh mồng tơi, mướp nấu tôm/Malabar spinach, sponge gourd and shrimp soup '),(384,20,'BT','Monday','Cơm trắng'),(385,20,'BT','Tuesday','Cơm trắng'),(386,20,'BT','Wednesday','Sữa tươi'),(387,20,'BT','Thursday','Cơm trắng'),(388,20,'BT','Friday','Cơm trắng'),(389,20,'BT','Saturday','Cơm trắng'),(390,20,'BT','Monday','Dưa lưới'),(391,20,'BT','Tuesday','Chuối'),(392,20,'BT','Wednesday','Dưa lưới'),(393,20,'BT','Thursday','Dưa hấu/Watermelon'),(394,20,'BT','Friday','Dưa lưới/Cantaloupe'),(395,20,'BT','Saturday','Dưa lưới/Cantaloupe'),(396,20,'BT','Monday','Cháo gà bí xanh/Chicken congee with wax gourd'),(397,20,'BT','Tuesday','Cháo tôm cà rốt/Shrimp congee with carrot'),(398,20,'BT','Wednesday','Cháo gà bí xanh/Chicken congee with wax gourd'),(399,20,'BT','Thursday','Cháo cá thì là/\nFish congee with dill'),(400,20,'BT','Friday','Cháo gà bí xanh/Chicken congee with wax gourd'),(401,20,'BT','Saturday','Cháo gà bí xanh/Chicken congee with wax gourd'),(402,20,'BT','Monday','Gà lắc phô mai cam/Fried chicken shaked with cheese powder'),(403,20,'BT','Tuesday','Tôm rim thịt/Braised pork with shrimp'),(404,20,'BT','Wednesday','Gà lắc phô mai cam/Fried chicken shaked with cheese powder'),(405,20,'BT','Thursday','Cá sốt mắm tỏi/Fried fish with fish sauce and garlic sauce'),(406,20,'BT','Friday','Gà lắc phô mai cam/Fried chicken shaked with cheese powder'),(407,20,'BT','Saturday','Gà lắc phô mai cam/Fried chicken shaked with cheese powder'),(408,20,'BT','Monday','Bí xanh, cà rốt luộc chấm muối vừng/Boiled gourd, carrot (served with roasted sesame salt)'),(409,20,'BT','Tuesday','Cải ngồng sốt dầu hào/Choy sum with oyster sauce'),(410,20,'BT','Wednesday','Bí xanh, cà rốt luộc chấm muối vừng/Boiled gourd, carrot (served with roasted sesame salt)'),(411,20,'BT','Thursday','Cải thảo xào nám/Stir-fried Chinese cabbage and mushroom'),(412,20,'BT','Friday','Bí xanh, cà rốt luộc chấm muối vừng/Boiled gourd, carrot (served with roasted sesame salt)'),(413,20,'BT','Saturday','Bí xanh, cà rốt luộc chấm muối vừng/Boiled gourd, carrot (served with roasted sesame salt)'),(414,20,'BT','Monday','Canh mồng tơi, mướp nấu tôm\nMalabar spinach, sponge gourd and shrimp soup '),(415,20,'BT','Tuesday','Canh củ cải cà rốt hầm xương/Pork bone soup with radish and carrot'),(416,20,'BT','Wednesday','Canh mồng tơi, mướp nấu tôm\nMalabar spinach, sponge gourd and shrimp soup '),(417,20,'BT','Thursday','Canh thịt nấu chua/Sour miced meat soup'),(418,20,'BT','Friday','Canh mồng tơi, mướp nấu tôm/Malabar spinach, sponge gourd and shrimp soup '),(419,20,'BT','Saturday','Canh mồng tơi, mướp nấu tôm/Malabar spinach, sponge gourd and shrimp soup '),(420,20,'BC','Monday','Mỳ trứng nấu tôm , thịt/Egg noodles with minced pork and Shrimp'),(421,20,'BC','Tuesday','Bánh nhân gà teriyaki/Chicken teriyaki bread'),(422,20,'BC','Wednesday','Mỳ trứng nấu tôm , thịt/Egg noodles with minced pork and Shrimp'),(423,20,'BC','Thursday','Bánh bông lan cuộn/Swiss roll'),(424,20,'BC','Friday','Pizza hải sản/Seafood pizza'),(425,20,'BC','Monday','Sữa chua/Yogurt'),(426,20,'BC','Tuesday','Sữa chua/Yogurt'),(427,20,'BC','Wednesday','Sữa chua/Yogurt'),(428,20,'BC','Thursday','Chè khúc bạch/Khuc Bach sweet gruel'),(429,20,'BC','Friday','Sữa chua/Yogurt'),(430,21,'BS','Monday','Thịt hầm sốt Demi (kèm bánh mỳ)/Stewed pork with Demi glace sauce (served with bread)'),(431,21,'BS','Tuesday','Bánh mì'),(432,21,'BS','Wednesday','Xôi thịt kho chả'),(433,21,'BS','Thursday','Sandwishes kẹp dăm bông pho mai'),(434,21,'BS','Friday','Xôi ngô thịt rim/Steamed glutinous rice served with simmered minced pork, sweet corn'),(435,21,'BS','Saturday','Sandwishes kẹp dăm bông pho mai/Jamboong sandwich and cheese'),(436,21,'BS','Monday','Bún cá nấu chua/Sweet and sour Fish soup with rice noodles'),(437,21,'BS','Tuesday','Sữa chua'),(438,21,'BS','Wednesday','Bánh đa tôm HP'),(439,21,'BS','Thursday','Mỳ udon nấu thịt bò'),(440,21,'BS','Friday','Cháo thịt bò + Quẩy/Beef congee and Crispy rice cake'),(441,21,'BS','Saturday','Mỳ udon nấu thịt bò/Beef Udon (Niku Udon)'),(442,21,'BS','Monday','Sữa uống lên men Fermented milk/ Sữa tươi Milk'),(443,21,'BS','Tuesday','Cháo bò'),(444,21,'BS','Wednesday','Sữa uống lên men/ Sữa tươi'),(445,21,'BS','Thursday','Sữa uống lên men/ Sữa tươi'),(446,21,'BS','Friday','Sữa uống lên men Fermented milk/ Sữa tươi Milk'),(447,21,'BS','Saturday','Sữa uống lên men Fermented milk/ Sữa tươi Milk'),(448,21,'BT','Monday','Cháo gà bí xanh/Chicken congee with wax gourd'),(449,21,'BT','Tuesday','Mỳ udon nấu bò'),(450,21,'BT','Wednesday','Cháo tôm cà rốt'),(451,21,'BT','Thursday','Cháo gà bí xanh'),(452,21,'BT','Friday','Cháo cá thì là/\nFish congee with dill'),(453,21,'BT','Saturday','Cháo gà bí xanh/Chicken congee with wax gourd'),(454,21,'BT','Monday','Gà lắc phô mai cam/Fried chicken shaked with cheese powder'),(455,21,'BT','Tuesday','Khoai tây chiên'),(456,21,'BT','Wednesday','Tôm rim thịt'),(457,21,'BT','Thursday','Gà lắc phô mai cam'),(458,21,'BT','Friday','Cá sốt mắm tỏi/Fried fish with fish sauce and garlic sauce'),(459,21,'BT','Saturday','Gà lắc phô mai cam/Fried chicken shaked with cheese powder'),(460,21,'BT','Monday','Bí xanh, cà rốt luộc chấm muối vừng/Boiled gourd, carrot (served with roasted sesame salt)'),(461,21,'BT','Tuesday','Dưa hấu'),(462,21,'BT','Wednesday','Cải ngồng sốt dầu hào'),(463,21,'BT','Thursday','Bí xanh, cà rốt luộc chấm muối vừng'),(464,21,'BT','Friday','Cải thảo xào nám/Stir-fried Chinese cabbage and mushroom'),(465,21,'BT','Saturday','Bí xanh, cà rốt luộc chấm muối vừng/Boiled gourd, carrot (served with roasted sesame salt)'),(466,21,'BT','Monday','Canh mồng tơi, mướp nấu tôm/Malabar spinach, sponge gourd and shrimp soup '),(467,21,'BT','Tuesday','Cơm nắm ngũ sắc'),(468,21,'BT','Wednesday','Canh củ cải cà rốt hầm xương'),(469,21,'BT','Thursday','Canh mồng tơi, mướp nấu tôm'),(470,21,'BT','Friday','Canh thịt nấu chua/Sour miced meat soup'),(471,21,'BT','Saturday','Canh mồng tơi, mướp nấu tôm/Malabar spinach, sponge gourd and shrimp soup '),(472,21,'BT','Monday','Cơm trắng'),(473,21,'BT','Tuesday','Sữa tươi'),(474,21,'BT','Wednesday','Cơm trắng'),(475,21,'BT','Thursday','Cơm trắng'),(476,21,'BT','Friday','Cơm trắng'),(477,21,'BT','Saturday','Cơm trắng'),(478,21,'BT','Monday','Dưa lưới/Cantaloupe'),(479,21,'BT','Tuesday','Chuối'),(480,21,'BT','Wednesday','Chuối'),(481,21,'BT','Thursday','Dưa lưới'),(482,21,'BT','Friday','Dưa hấu/Watermelon'),(483,21,'BT','Saturday','Dưa lưới/Cantaloupe'),(484,21,'BT','Monday','Cháo gà bí xanh/Chicken congee with wax gourd'),(485,21,'BT','Tuesday','Cháo tôm cà rốt/Shrimp congee with carrot'),(486,21,'BT','Wednesday','Cháo tôm cà rốt/Shrimp congee with carrot'),(487,21,'BT','Thursday','Cháo gà bí xanh/Chicken congee with wax gourd'),(488,21,'BT','Friday','Cháo cá thì là/\nFish congee with dill'),(489,21,'BT','Saturday','Cháo gà bí xanh/Chicken congee with wax gourd'),(490,21,'BT','Monday','Gà lắc phô mai cam/Fried chicken shaked with cheese powder'),(491,21,'BT','Tuesday','Tôm rim thịt/Braised pork with shrimp'),(492,21,'BT','Wednesday','Tôm rim thịt/Braised pork with shrimp'),(493,21,'BT','Thursday','Gà lắc phô mai cam/Fried chicken shaked with cheese powder'),(494,21,'BT','Friday','Cá sốt mắm tỏi/Fried fish with fish sauce and garlic sauce'),(495,21,'BT','Saturday','Gà lắc phô mai cam/Fried chicken shaked with cheese powder'),(496,21,'BT','Monday','Bí xanh, cà rốt luộc chấm muối vừng/Boiled gourd, carrot (served with roasted sesame salt)'),(497,21,'BT','Tuesday','Cải ngồng sốt dầu hào/Choy sum with oyster sauce'),(498,21,'BT','Wednesday','Cải ngồng sốt dầu hào/Choy sum with oyster sauce'),(499,21,'BT','Thursday','Bí xanh, cà rốt luộc chấm muối vừng/Boiled gourd, carrot (served with roasted sesame salt)'),(500,21,'BT','Friday','Cải thảo xào nám/Stir-fried Chinese cabbage and mushroom'),(501,21,'BT','Saturday','Bí xanh, cà rốt luộc chấm muối vừng/Boiled gourd, carrot (served with roasted sesame salt)'),(502,21,'BT','Monday','Canh mồng tơi, mướp nấu tôm/Malabar spinach, sponge gourd and shrimp soup '),(503,21,'BT','Tuesday','Canh củ cải cà rốt hầm xương/Pork bone soup with radish and carrot'),(504,21,'BT','Wednesday','Canh củ cải cà rốt hầm xương/Pork bone soup with radish and carrot'),(505,21,'BT','Thursday','Canh mồng tơi, mướp nấu tôm\nMalabar spinach, sponge gourd and shrimp soup '),(506,21,'BT','Friday','Canh thịt nấu chua/Sour miced meat soup'),(507,21,'BT','Saturday','Canh mồng tơi, mướp nấu tôm/Malabar spinach, sponge gourd and shrimp soup '),(508,21,'BC','Monday','Pizza hải sản/Seafood pizza'),(509,21,'BC','Tuesday','Bánh nhân gà teriyaki/Chicken teriyaki bread'),(510,21,'BC','Wednesday','Bánh nhân gà teriyaki/Chicken teriyaki bread'),(511,21,'BC','Thursday','Mỳ trứng nấu tôm , thịt/Egg noodles with minced pork and Shrimp'),(512,21,'BC','Friday','Bánh bông lan cuộn/Swiss roll'),(513,21,'BC','Monday','Sữa chua/Yogurt'),(514,21,'BC','Tuesday','Sữa chua/Yogurt'),(515,21,'BC','Wednesday','Sữa chua/Yogurt'),(516,21,'BC','Thursday','Sữa chua/Yogurt'),(517,21,'BC','Friday','Chè khúc bạch/Khuc Bach sweet gruel'),(518,21,'','Wednesday','Sữa chua'),(519,21,'','Friday','Bún cá nấu chua/Sweet and sour Fish soup with rice noodles'),(520,21,'','Wednesday','Cháo bò'),(521,21,'','Friday','Sữa uống lên men Fermented milk/ Sữa tươi Milk'),(522,21,'','Wednesday','Mỳ udon nấu bò'),(523,21,'','Friday','Cháo gà bí xanh/Chicken congee with wax gourd'),(524,21,'','Wednesday','Khoai tây chiên'),(525,21,'','Friday','Gà lắc phô mai cam/Fried chicken shaked with cheese powder'),(526,21,'','Wednesday','Dưa hấu'),(527,21,'','Friday','Bí xanh, cà rốt luộc chấm muối vừng/Boiled gourd, carrot (served with roasted sesame salt)'),(528,21,'','Wednesday','Cơm nắm ngũ sắc'),(529,21,'','Friday','Canh mồng tơi, mướp nấu tôm/Malabar spinach, sponge gourd and shrimp soup '),(530,21,'','Wednesday','Sữa tươi'),(531,21,'','Friday','Cơm trắng'),(532,21,'','Friday','Dưa lưới/Cantaloupe'),(533,21,'','Friday','Cháo gà bí xanh/Chicken congee with wax gourd'),(534,21,'','Friday','Gà lắc phô mai cam/Fried chicken shaked with cheese powder'),(535,21,'','Friday','Bí xanh, cà rốt luộc chấm muối vừng/Boiled gourd, carrot (served with roasted sesame salt)'),(536,21,'','Friday','Canh mồng tơi, mướp nấu tôm/Malabar spinach, sponge gourd and shrimp soup '),(537,21,'','Friday','Pizza hải sản/Seafood pizza'),(538,21,'','Friday','Sữa chua/Yogurt'),(539,22,'BS','Monday','Sandwishes kẹp dăm bông pho mai'),(540,22,'BS','Tuesday','Xôi thịt kho chả'),(541,22,'BS','Wednesday','Bánh mì'),(542,22,'BS','Thursday','Xôi ngô thịt rim/Steamed glutinous rice served with simmered minced pork, sweet corn'),(543,22,'BS','Friday','Thịt hầm sốt Demi (kèm bánh mỳ)/Stewed pork with Demi glace sauce (served with bread)'),(544,22,'BS','Saturday','Sandwishes kẹp dăm bông pho mai/Jamboong sandwich and cheese'),(545,22,'BS','Monday','Mỳ udon nấu thịt bò'),(546,22,'BS','Tuesday','Bánh đa tôm HP'),(547,22,'BS','Wednesday','Sữa chua'),(548,22,'BS','Thursday','Cháo thịt bò + Quẩy/Beef congee and Crispy rice cake'),(549,22,'BS','Friday','Bún cá nấu chua/Sweet and sour Fish soup with rice noodles'),(550,22,'BS','Saturday','Mỳ udon nấu thịt bò/Beef Udon (Niku Udon)'),(551,22,'BS','Monday','Sữa uống lên men/ Sữa tươi'),(552,22,'BS','Tuesday','Sữa uống lên men/ Sữa tươi'),(553,22,'BS','Wednesday','Cháo bò'),(554,22,'BS','Thursday','Sữa uống lên men Fermented milk/ Sữa tươi Milk'),(555,22,'BS','Friday','Sữa uống lên men Fermented milk/ Sữa tươi Milk'),(556,22,'BS','Saturday','Sữa uống lên men Fermented milk/ Sữa tươi Milk'),(557,22,'BT','Monday','Cháo gà bí xanh'),(558,22,'BT','Tuesday','Cháo tôm cà rốt'),(559,22,'BT','Wednesday','Mỳ udon nấu bò'),(560,22,'BT','Thursday','Cháo cá thì là/\nFish congee with dill'),(561,22,'BT','Friday','Cháo gà bí xanh/Chicken congee with wax gourd'),(562,22,'BT','Saturday','Cháo gà bí xanh/Chicken congee with wax gourd'),(563,22,'BT','Monday','Gà lắc phô mai cam'),(564,22,'BT','Tuesday','Tôm rim thịt'),(565,22,'BT','Wednesday','Khoai tây chiên'),(566,22,'BT','Thursday','Cá sốt mắm tỏi/Fried fish with fish sauce and garlic sauce'),(567,22,'BT','Friday','Gà lắc phô mai cam/Fried chicken shaked with cheese powder'),(568,22,'BT','Saturday','Gà lắc phô mai cam/Fried chicken shaked with cheese powder'),(569,22,'BT','Monday','Bí xanh, cà rốt luộc chấm muối vừng'),(570,22,'BT','Tuesday','Cải ngồng sốt dầu hào'),(571,22,'BT','Wednesday','Dưa hấu'),(572,22,'BT','Thursday','Cải thảo xào nám/Stir-fried Chinese cabbage and mushroom'),(573,22,'BT','Friday','Bí xanh, cà rốt luộc chấm muối vừng/Boiled gourd, carrot (served with roasted sesame salt)'),(574,22,'BT','Saturday','Bí xanh, cà rốt luộc chấm muối vừng/Boiled gourd, carrot (served with roasted sesame salt)'),(575,22,'BT','Monday','Canh mồng tơi, mướp nấu tôm'),(576,22,'BT','Tuesday','Canh củ cải cà rốt hầm xương'),(577,22,'BT','Wednesday','Cơm nắm ngũ sắc'),(578,22,'BT','Thursday','Canh thịt nấu chua/Sour miced meat soup'),(579,22,'BT','Friday','Canh mồng tơi, mướp nấu tôm/Malabar spinach, sponge gourd and shrimp soup '),(580,22,'BT','Saturday','Canh mồng tơi, mướp nấu tôm/Malabar spinach, sponge gourd and shrimp soup '),(581,22,'BT','Monday','Cơm trắng'),(582,22,'BT','Tuesday','Cơm trắng'),(583,22,'BT','Wednesday','Sữa tươi'),(584,22,'BT','Thursday','Cơm trắng'),(585,22,'BT','Friday','Cơm trắng'),(586,22,'BT','Saturday','Cơm trắng'),(587,22,'BT','Monday','Dưa lưới'),(588,22,'BT','Tuesday','Chuối'),(589,22,'BT','Thursday','Dưa hấu/Watermelon'),(590,22,'BT','Friday','Dưa lưới/Cantaloupe'),(591,22,'BT','Saturday','Dưa lưới/Cantaloupe'),(592,22,'BT','Monday','Cháo gà bí xanh/Chicken congee with wax gourd'),(593,22,'BT','Tuesday','Cháo tôm cà rốt/Shrimp congee with carrot'),(594,22,'BT','Thursday','Cháo cá thì là/\nFish congee with dill'),(595,22,'BT','Friday','Cháo gà bí xanh/Chicken congee with wax gourd'),(596,22,'BT','Saturday','Cháo gà bí xanh/Chicken congee with wax gourd'),(597,22,'BT','Monday','Gà lắc phô mai cam/Fried chicken shaked with cheese powder'),(598,22,'BT','Tuesday','Tôm rim thịt/Braised pork with shrimp'),(599,22,'BT','Thursday','Cá sốt mắm tỏi/Fried fish with fish sauce and garlic sauce'),(600,22,'BT','Friday','Gà lắc phô mai cam/Fried chicken shaked with cheese powder'),(601,22,'BT','Saturday','Gà lắc phô mai cam/Fried chicken shaked with cheese powder'),(602,22,'BT','Monday','Bí xanh, cà rốt luộc chấm muối vừng/Boiled gourd, carrot (served with roasted sesame salt)'),(603,22,'BT','Tuesday','Cải ngồng sốt dầu hào/Choy sum with oyster sauce'),(604,22,'BT','Thursday','Cải thảo xào nám/Stir-fried Chinese cabbage and mushroom'),(605,22,'BT','Friday','Bí xanh, cà rốt luộc chấm muối vừng/Boiled gourd, carrot (served with roasted sesame salt)'),(606,22,'BT','Saturday','Bí xanh, cà rốt luộc chấm muối vừng/Boiled gourd, carrot (served with roasted sesame salt)'),(607,22,'BT','Monday','Canh mồng tơi, mướp nấu tôm\nMalabar spinach, sponge gourd and shrimp soup '),(608,22,'BT','Tuesday','Canh củ cải cà rốt hầm xương/Pork bone soup with radish and carrot'),(609,22,'BT','Thursday','Canh thịt nấu chua/Sour miced meat soup'),(610,22,'BT','Friday','Canh mồng tơi, mướp nấu tôm/Malabar spinach, sponge gourd and shrimp soup '),(611,22,'BT','Saturday','Canh mồng tơi, mướp nấu tôm/Malabar spinach, sponge gourd and shrimp soup '),(612,22,'BC','Monday','Mỳ trứng nấu tôm , thịt/Egg noodles with minced pork and Shrimp'),(613,22,'BC','Tuesday','Bánh nhân gà teriyaki/Chicken teriyaki bread'),(614,22,'BC','Thursday','Bánh bông lan cuộn/Swiss roll'),(615,22,'BC','Friday','Pizza hải sản/Seafood pizza'),(616,22,'BC','Monday','Sữa chua/Yogurt'),(617,22,'BC','Tuesday','Sữa chua/Yogurt'),(618,22,'BC','Thursday','Chè khúc bạch/Khuc Bach sweet gruel'),(619,22,'BC','Friday','Sữa chua/Yogurt'),(620,23,'BS','Monday','Sandwishes kẹp dăm bông pho mai'),(621,23,'BS','Tuesday','Mực, thịt sốt Nhật'),(622,23,'BS','Wednesday','Cháo cá'),(623,23,'BS','Thursday','Khoai tây phô mai lắc cam'),(624,23,'BS','Friday','Cháo thịt thập cẩm'),(625,23,'BS','Saturday','Sandwishes kẹp dăm bông pho mai/Jamboong sandwich and cheese'),(626,23,'BS','Monday','Mỳ udon nấu thịt bò'),(627,23,'BS','Tuesday','Đậu cove trộn cá bào'),(628,23,'BS','Wednesday','Cá kho tộ'),(629,23,'BS','Thursday','Bánh phồng tôm ngũ sắc'),(630,23,'BS','Friday','Thịt viên Thổ Nhĩ Kỳ'),(631,23,'BS','Saturday','Mỳ udon nấu thịt bò/Beef Udon (Niku Udon)'),(632,23,'BS','Monday','Sữa uống lên men/ Sữa tươi'),(633,23,'BS','Tuesday','Canh daishi cải cúc'),(634,23,'BS','Wednesday','Su su, cà rốt luộc'),(635,23,'BS','Thursday','Súp bí đỏ kem tươi + bánh sandwich'),(636,23,'BS','Friday','Salad rau củ'),(637,23,'BS','Saturday','Sữa uống lên men Fermented milk/ Sữa tươi Milk'),(638,23,'BT','Monday','Cháo gà bí xanh'),(639,23,'BT','Tuesday','Cơm trộn rong biển'),(640,23,'BT','Wednesday','Canh rau thập cẩm nấu tôm nõn'),(641,23,'BT','Thursday','Ngô hấp'),(642,23,'BT','Friday','Canh sumashi bắp cải'),(643,23,'BT','Saturday','Cháo gà bí xanh/Chicken congee with wax gourd'),(644,23,'BT','Monday','Gà lắc phô mai cam'),(645,23,'BT','Tuesday','Dưa hấu'),(646,23,'BT','Wednesday','Cơm trắng'),(647,23,'BT','Thursday','Hoa lơ luộc (trắng + xanh)'),(648,23,'BT','Friday','Cơm trắng'),(649,23,'BT','Saturday','Gà lắc phô mai cam/Fried chicken shaked with cheese powder'),(650,23,'BT','Monday','Bí xanh, cà rốt luộc chấm muối vừng'),(651,23,'BT','Tuesday','Mực, thịt sốt Nhật'),(652,23,'BT','Wednesday','Cam canh'),(653,23,'BT','Thursday','Gà sốt teriyaki'),(654,23,'BT','Friday','Thanh long'),(655,23,'BT','Saturday','Bí xanh, cà rốt luộc chấm muối vừng/Boiled gourd, carrot (served with roasted sesame salt)'),(656,23,'BT','Monday','Canh mồng tơi, mướp nấu tôm'),(657,23,'BT','Tuesday','Đậu cove trộn cá bào'),(658,23,'BT','Wednesday','Cơm nắm ngũ sắc'),(659,23,'BT','Thursday','Tôm hấp'),(660,23,'BT','Friday','Canh mồng tơi, mướp nấu tôm/Malabar spinach, sponge gourd and shrimp soup '),(661,23,'BT','Saturday','Canh mồng tơi, mướp nấu tôm/Malabar spinach, sponge gourd and shrimp soup '),(662,23,'BT','Monday','Cơm trắng'),(663,23,'BT','Tuesday','Canh daishi cải cúc'),(664,23,'BT','Wednesday','Sữa tươi'),(665,23,'BT','Thursday','Spaghetti sốt bò'),(666,23,'BT','Friday','Cơm trắng'),(667,23,'BT','Saturday','Cơm trắng'),(668,23,'BT','Monday','Dưa lưới'),(669,23,'BT','Tuesday','Cơm trộn rong biển'),(670,23,'BT','Thursday','Xúc xích chiên'),(671,23,'BT','Friday','Dưa lưới/Cantaloupe'),(672,23,'BT','Saturday','Dưa lưới/Cantaloupe'),(673,23,'BT','Monday','Cháo gà bí xanh/Chicken congee with wax gourd'),(674,23,'BT','Tuesday','Dưa hấu'),(675,23,'BT','Thursday','Pizza mật ong'),(676,23,'BT','Friday','Cháo gà bí xanh/Chicken congee with wax gourd'),(677,23,'BT','Saturday','Cháo gà bí xanh/Chicken congee with wax gourd'),(678,23,'BT','Monday','Gà lắc phô mai cam/Fried chicken shaked with cheese powder'),(679,23,'BT','Tuesday','Mực, thịt sốt Nhật'),(680,23,'BT','Thursday','Sushi thập cẩm'),(681,23,'BT','Friday','Gà lắc phô mai cam/Fried chicken shaked with cheese powder'),(682,23,'BT','Saturday','Gà lắc phô mai cam/Fried chicken shaked with cheese powder'),(683,23,'BT','Monday','Bí xanh, cà rốt luộc chấm muối vừng/Boiled gourd, carrot (served with roasted sesame salt)'),(684,23,'BT','Tuesday','Đậu cove trộn cá bào'),(685,23,'BT','Thursday','Hoa quả (dưa hấu+ dưa lưới+ yakult)'),(686,23,'BT','Friday','Bí xanh, cà rốt luộc chấm muối vừng/Boiled gourd, carrot (served with roasted sesame salt)'),(687,23,'BT','Saturday','Bí xanh, cà rốt luộc chấm muối vừng/Boiled gourd, carrot (served with roasted sesame salt)'),(688,23,'BT','Monday','Canh mồng tơi, mướp nấu tôm\nMalabar spinach, sponge gourd and shrimp soup '),(689,23,'BT','Tuesday','Canh daishi cải cúc'),(690,23,'BT','Thursday','Canh thịt nấu chua/Sour miced meat soup'),(691,23,'BT','Friday','Canh mồng tơi, mướp nấu tôm/Malabar spinach, sponge gourd and shrimp soup '),(692,23,'BT','Saturday','Canh mồng tơi, mướp nấu tôm/Malabar spinach, sponge gourd and shrimp soup '),(693,23,'BC','Monday','Mỳ trứng nấu tôm , thịt/Egg noodles with minced pork and Shrimp'),(694,23,'BC','Tuesday','Cơm trộn rong biển'),(695,23,'BC','Thursday','Bánh bông lan cuộn/Swiss roll'),(696,23,'BC','Friday','Pizza hải sản/Seafood pizza'),(697,23,'BC','Monday','Sữa chua/Yogurt'),(698,23,'BC','Tuesday','Dưa hấu'),(699,23,'BC','Thursday','Chè khúc bạch/Khuc Bach sweet gruel'),(700,23,'BC','Friday','Sữa chua/Yogurt');
/*!40000 ALTER TABLE `menudetail` ENABLE KEYS */;
UNLOCK TABLES;

--
-- Table structure for table `notifications`
--

DROP TABLE IF EXISTS `notifications`;
/*!40101 SET @saved_cs_client     = @@character_set_client */;
/*!50503 SET character_set_client = utf8mb4 */;
CREATE TABLE `notifications` (
  `NotificationID` int NOT NULL AUTO_INCREMENT,
  `Title` varchar(255) NOT NULL,
  `Message` text NOT NULL,
  `CreatedAt` datetime DEFAULT CURRENT_TIMESTAMP,
  `RoleID` int NOT NULL,
  PRIMARY KEY (`NotificationID`),
  KEY `RoleID` (`RoleID`),
  CONSTRAINT `notifications_ibfk_1` FOREIGN KEY (`RoleID`) REFERENCES `role` (`RoleID`) ON DELETE RESTRICT
) ENGINE=InnoDB AUTO_INCREMENT=15 DEFAULT CHARSET=utf8mb4 COLLATE=utf8mb4_0900_ai_ci;
/*!40101 SET character_set_client = @saved_cs_client */;

--
-- Dumping data for table `notifications`
--

LOCK TABLES `notifications` WRITE;
/*!40000 ALTER TABLE `notifications` DISABLE KEYS */;
INSERT INTO `notifications` VALUES (4,'Welcome to KMS','We are thrilled to welcome you to KMS. Thank you for joining us','2024-12-12 16:43:10',2),(5,'Welcome to KMS','We are thrilled to welcome you to KMS. Thank you for joining us','2024-12-12 16:43:16',5),(6,'Scheduled Website Maintenance Notice','Please be informed that our website will undergo scheduled maintenance on 2024-12-11 from 0 AM to 3 AM . During this time, access to the platform may be temporarily unavailable. We apologize for any inconvenience this may cause and thank you for your understanding.','2024-12-12 16:46:19',5),(7,'Scheduled Website Maintenance Notice','Please be informed that our website will undergo scheduled maintenance on 2024-12-11 from 0 AM to 3 AM . During this time, access to the platform may be temporarily unavailable. We apologize for any inconvenience this may cause and thank you for your understanding.','2024-12-12 16:46:38',2),(8,'Scheduled Website Maintenance Notice','Please be informed that our website will undergo scheduled maintenance on 2024-12-11 from 0 AM to 3 AM . During this time, access to the platform may be temporarily unavailable. We apologize for any inconvenience this may cause and thank you for your understanding.','2024-12-12 16:46:51',3),(9,'Scheduled Website Maintenance Notice','Please be informed that our website will undergo scheduled maintenance on 2024-12-11 from 0 AM to 3 AM . During this time, access to the platform may be temporarily unavailable. We apologize for any inconvenience this may cause and thank you for your understanding.','2024-12-12 16:46:53',4),(10,'Website Maintenance Completed','We are pleased to inform you that the scheduled maintenance has been successfully completed. Our website is now fully operational, and you can continue using all its features as usual. Have a great day!','2024-12-12 16:48:02',2),(11,'Website Maintenance Completed','We are pleased to inform you that the scheduled maintenance has been successfully completed. Our website is now fully operational, and you can continue using all its features as usual. Have a great day!','2024-12-12 16:48:03',3),(12,'Website Maintenance Completed','We are pleased to inform you that the scheduled maintenance has been successfully completed. Our website is now fully operational, and you can continue using all its features as usual. Have a great day!','2024-12-12 16:48:05',4),(13,'Website Maintenance Completed','We are pleased to inform you that the scheduled maintenance has been successfully completed. Our website is now fully operational, and you can continue using all its features as usual. Have a great day!','2024-12-12 16:48:07',5),(14,'Parent-Teacher Meeting Schedule','We would like to invite you to our upcoming Parent-Teacher Meeting on   2024-12-14 at 8 AM.  This is a great opportunity to discuss your child\'s progress and address any questions or concerns you may have. We look forward to seeing you there!','2024-12-12 16:51:22',2);
/*!40000 ALTER TABLE `notifications` ENABLE KEYS */;
UNLOCK TABLES;

--
-- Table structure for table `parent`
--

DROP TABLE IF EXISTS `parent`;
/*!40101 SET @saved_cs_client     = @@character_set_client */;
/*!50503 SET character_set_client = utf8mb4 */;
CREATE TABLE `parent` (
  `ParentID` int NOT NULL,
  `Name` varchar(45) DEFAULT NULL,
  PRIMARY KEY (`ParentID`),
  KEY `fk_Parent_user1_idx` (`ParentID`),
  CONSTRAINT `q` FOREIGN KEY (`ParentID`) REFERENCES `user` (`UserID`)
) ENGINE=InnoDB DEFAULT CHARSET=utf8mb4 COLLATE=utf8mb4_0900_ai_ci;
/*!40101 SET character_set_client = @saved_cs_client */;

--
-- Dumping data for table `parent`
--

LOCK TABLES `parent` WRITE;
/*!40000 ALTER TABLE `parent` DISABLE KEYS */;
INSERT INTO `parent` VALUES (44,'Nguyen Hieu'),(46,'Đỗ Lâm'),(47,'Thê Anh'),(68,'Anh Na'),(69,'Tý Đỗ '),(70,'Anh Hàng'),(71,'TÝ Phèo'),(72,'Tùng Lâm'),(73,'Phi Lê'),(74,'Kim Dung'),(75,'Đạt Phí'),(76,'Tiến Đạt'),(77,'Phi Nhung'),(78,'Tuấn Hưng'),(79,'HƯng Tuấn  '),(80,'Thái Đào'),(81,'Mai Tiêm'),(82,'Đào Tiên'),(83,'Tiên Hoàng'),(84,'Đa Đa'),(85,'Triều Thủy'),(86,'Hà Thi'),(87,'Kha Vụ'),(88,'Hoàng Đa'),(89,'Triều Phi'),(90,'Đa Hoàng'),(91,'Tiên Lâm'),(92,'Phi Hà'),(93,'Triều Phi'),(94,'Tuấn Kha'),(95,'Triều Lâm'),(96,'Kha Phi'),(97,'Hà TIên'),(98,'HƯng Kim'),(99,'Hà Triều'),(100,'Lâm HƯng'),(101,'Kim Phi '),(102,'Trung Hieu Triều '),(103,'Triều Tiên'),(104,'Trung Hieu Tuấn'),(105,'Trung Hieu Phi'),(106,'Triều Phi'),(107,'Bách Triều');
/*!40000 ALTER TABLE `parent` ENABLE KEYS */;
UNLOCK TABLES;

--
-- Table structure for table `payment`
--

DROP TABLE IF EXISTS `payment`;
/*!40101 SET @saved_cs_client     = @@character_set_client */;
/*!50503 SET character_set_client = utf8mb4 */;
CREATE TABLE `payment` (
  `PaymentID` int NOT NULL AUTO_INCREMENT,
  `PaymentDate` date DEFAULT NULL,
  `TotalAmount` decimal(10,0) DEFAULT NULL,
  `Status` int DEFAULT NULL,
  `TuitionID` int DEFAULT NULL,
  `ServiceID` int DEFAULT NULL,
  `StudentID` int NOT NULL,
  `PaymentName` varchar(100) DEFAULT NULL,
  PRIMARY KEY (`PaymentID`),
  KEY `tution_idx` (`TuitionID`),
  KEY `studen_idx` (`StudentID`),
  KEY `Service_idx` (`ServiceID`),
  CONSTRAINT `Service` FOREIGN KEY (`ServiceID`) REFERENCES `services` (`ServiceID`),
  CONSTRAINT `studen` FOREIGN KEY (`StudentID`) REFERENCES `children` (`StudentID`),
  CONSTRAINT `tution` FOREIGN KEY (`TuitionID`) REFERENCES `tuition` (`TuitionId`)
) ENGINE=InnoDB AUTO_INCREMENT=410 DEFAULT CHARSET=utf8mb4 COLLATE=utf8mb4_0900_ai_ci;
/*!40101 SET character_set_client = @saved_cs_client */;

--
-- Dumping data for table `payment`
--

LOCK TABLES `payment` WRITE;
/*!40000 ALTER TABLE `payment` DISABLE KEYS */;
INSERT INTO `payment` VALUES (210,'2024-09-02',10000000,1,198,NULL,1,'Tuition'),(211,'2024-09-02',10000000,1,199,NULL,2,'Tuition'),(212,'2024-09-02',10000000,1,200,NULL,3,'Tuition'),(213,'2024-09-02',10000000,1,201,NULL,4,'Tuition'),(214,'2024-09-02',10000000,1,202,NULL,5,'Tuition'),(215,'2024-09-02',10000000,1,203,NULL,6,'Tuition'),(216,'2024-09-02',10000000,1,204,NULL,7,'Tuition'),(217,'2024-09-02',10000000,1,205,NULL,8,'Tuition'),(218,'2024-09-02',10000000,1,206,NULL,9,'Tuition'),(219,'2024-09-02',10000000,1,207,NULL,10,'Tuition'),(220,'2024-09-02',10000000,1,208,NULL,11,'Tuition'),(221,'2024-09-02',10000000,1,209,NULL,12,'Tuition'),(222,'2024-09-02',10000000,1,210,NULL,13,'Tuition'),(223,'2024-09-02',10000000,1,211,NULL,14,'Tuition'),(224,'2024-09-02',10000000,1,212,NULL,15,'Tuition'),(225,'2024-09-02',10000000,1,213,NULL,16,'Tuition'),(226,'2024-09-02',10000000,1,214,NULL,17,'Tuition'),(227,'2024-09-02',10000000,1,215,NULL,18,'Tuition'),(228,'2024-09-02',10000000,1,216,NULL,19,'Tuition'),(229,'2024-09-02',10000000,1,217,NULL,20,'Tuition'),(230,'2024-09-02',10000000,1,218,NULL,21,'Tuition'),(231,'2024-09-02',10000000,1,219,NULL,22,'Tuition'),(232,'2024-09-02',10000000,1,220,NULL,23,'Tuition'),(233,'2024-09-02',10000000,1,221,NULL,24,'Tuition'),(234,'2024-09-02',10000000,1,222,NULL,25,'Tuition'),(235,'2024-09-02',10000000,1,223,NULL,26,'Tuition'),(236,'2024-09-02',10000000,1,224,NULL,27,'Tuition'),(237,'2024-09-02',10000000,1,225,NULL,28,'Tuition'),(238,'2024-09-02',10000000,1,226,NULL,29,'Tuition'),(239,'2024-09-02',10000000,1,227,NULL,30,'Tuition'),(240,'2024-09-02',10000000,1,228,NULL,31,'Tuition'),(241,'2024-09-02',10000000,1,229,NULL,32,'Tuition'),(242,'2024-09-02',10000000,1,230,NULL,33,'Tuition'),(243,'2024-09-02',10000000,1,231,NULL,34,'Tuition'),(244,'2024-09-02',10000000,1,232,NULL,35,'Tuition'),(245,'2024-09-02',10000000,1,233,NULL,36,'Tuition'),(246,'2024-09-02',10000000,1,234,NULL,37,'Tuition'),(247,'2024-09-02',10000000,1,235,NULL,38,'Tuition'),(248,'2024-09-02',10000000,1,236,NULL,39,'Tuition'),(249,'2024-09-02',10000000,1,237,NULL,40,'Tuition'),(250,'2024-09-02',10000000,1,238,NULL,41,'Tuition'),(251,'2024-09-02',10000000,1,239,NULL,42,'Tuition'),(252,'2024-09-02',10000000,1,240,NULL,43,'Tuition'),(253,'2024-09-02',10000000,1,241,NULL,44,'Tuition'),(254,'2024-09-02',10000000,1,242,NULL,45,'Tuition'),(255,'2024-09-02',10000000,1,243,NULL,46,'Tuition'),(256,'2024-09-02',10000000,1,244,NULL,47,'Tuition'),(257,'2024-09-02',10000000,1,245,NULL,48,'Tuition'),(258,'2024-09-02',10000000,1,246,NULL,49,'Tuition'),(259,'2024-09-02',10000000,1,247,NULL,50,'Tuition'),(260,'2024-10-02',10000000,1,248,5,1,'Tuition'),(261,'2024-10-02',10000000,1,249,NULL,2,'Tuition'),(262,'2024-10-02',10000000,1,250,5,3,'Tuition'),(263,'2024-10-02',10000000,1,251,NULL,4,'Tuition'),(264,'2024-10-02',10000000,1,252,5,5,'Tuition'),(265,'2024-10-02',10000000,1,253,NULL,6,'Tuition'),(266,'2024-10-02',10000000,1,254,5,7,'Tuition'),(267,'2024-10-02',10000000,1,255,NULL,8,'Tuition'),(268,'2024-10-02',10000000,1,256,6,9,'Tuition'),(269,'2024-10-02',10000000,1,257,NULL,10,'Tuition'),(270,'2024-10-02',10000000,1,258,5,11,'Tuition'),(271,'2024-10-02',10000000,1,259,NULL,12,'Tuition'),(272,'2024-10-02',10000000,1,260,5,13,'Tuition'),(273,'2024-10-02',10000000,1,261,5,14,'Tuition'),(274,'2024-10-02',10000000,1,262,NULL,15,'Tuition'),(275,'2024-10-02',10000000,1,263,6,16,'Tuition'),(276,'2024-10-02',10000000,1,264,NULL,17,'Tuition'),(277,'2024-10-02',10000000,1,265,NULL,18,'Tuition'),(278,'2024-10-02',10000000,1,266,6,19,'Tuition'),(279,'2024-10-02',10000000,1,267,NULL,20,'Tuition'),(280,'2024-10-02',10000000,1,268,6,21,'Tuition'),(281,'2024-10-02',10000000,1,269,NULL,22,'Tuition'),(282,'2024-10-02',10000000,1,270,NULL,23,'Tuition'),(283,'2024-10-02',10000000,1,271,5,24,'Tuition'),(284,'2024-10-02',10000000,1,272,6,25,'Tuition'),(285,'2024-10-02',10000000,1,273,NULL,26,'Tuition'),(286,'2024-10-02',10000000,1,274,6,27,'Tuition'),(287,'2024-10-02',10000000,1,275,5,28,'Tuition'),(288,'2024-10-02',10000000,1,276,5,29,'Tuition'),(289,'2024-10-02',10000000,1,277,NULL,30,'Tuition'),(290,'2024-10-02',10000000,1,278,NULL,31,'Tuition'),(291,'2024-10-02',10000000,1,279,NULL,32,'Tuition'),(292,'2024-10-02',10000000,1,280,NULL,33,'Tuition'),(293,'2024-10-02',10000000,1,281,NULL,34,'Tuition'),(294,'2024-10-02',10000000,1,282,NULL,35,'Tuition'),(295,'2024-10-02',10000000,1,283,NULL,36,'Tuition'),(296,'2024-10-02',10000000,1,284,NULL,37,'Tuition'),(297,'2024-10-02',10000000,1,285,NULL,38,'Tuition'),(298,'2024-10-02',10000000,1,286,NULL,39,'Tuition'),(299,'2024-10-02',10000000,1,287,NULL,40,'Tuition'),(300,'2024-10-02',10000000,1,288,NULL,41,'Tuition'),(301,'2024-10-02',10000000,1,289,NULL,42,'Tuition'),(302,'2024-10-02',10000000,1,290,NULL,43,'Tuition'),(303,'2024-10-02',10000000,1,291,NULL,44,'Tuition'),(304,'2024-10-02',10000000,1,292,NULL,45,'Tuition'),(305,'2024-10-02',10000000,1,293,NULL,46,'Tuition'),(306,'2024-10-02',10000000,1,294,NULL,47,'Tuition'),(307,'2024-10-02',10000000,1,295,NULL,48,'Tuition'),(308,'2024-10-02',10000000,1,296,NULL,49,'Tuition'),(309,'2024-10-02',10000000,1,297,NULL,50,'Tuition'),(310,'2024-11-02',10000000,1,298,NULL,1,'Tuition'),(311,'2024-11-02',10000000,1,299,6,2,'Tuition'),(312,'2024-11-02',10000000,1,300,NULL,3,'Tuition'),(313,'2024-11-02',10000000,1,301,6,4,'Tuition'),(314,'2024-11-02',10000000,1,302,NULL,5,'Tuition'),(315,'2024-11-02',10000000,1,303,6,6,'Tuition'),(316,'2024-11-02',10000000,1,304,NULL,7,'Tuition'),(317,'2024-11-02',10000000,1,305,5,8,'Tuition'),(318,'2024-11-02',10000000,1,306,6,9,'Tuition'),(319,'2024-11-02',10000000,1,307,NULL,10,'Tuition'),(320,'2024-11-02',10000000,1,308,5,11,'Tuition'),(321,'2024-11-02',10000000,1,309,6,12,'Tuition'),(322,'2024-11-02',10000000,1,310,NULL,13,'Tuition'),(323,'2024-11-02',10000000,1,311,5,14,'Tuition'),(324,'2024-11-02',10000000,1,312,NULL,15,'Tuition'),(325,'2024-11-02',10000000,1,313,5,16,'Tuition'),(326,'2024-11-02',10000000,1,314,6,17,'Tuition'),(327,'2024-11-02',10000000,1,315,NULL,18,'Tuition'),(328,'2024-11-02',10000000,1,316,6,19,'Tuition'),(329,'2024-11-02',10000000,1,317,NULL,20,'Tuition'),(330,'2024-11-02',10000000,1,318,5,21,'Tuition'),(331,'2024-11-02',10000000,1,319,NULL,22,'Tuition'),(332,'2024-11-02',10000000,1,320,5,23,'Tuition'),(333,'2024-11-02',10000000,1,321,NULL,24,'Tuition'),(334,'2024-11-02',10000000,1,322,5,25,'Tuition'),(335,'2024-11-02',10000000,1,323,NULL,26,'Tuition'),(336,'2024-11-02',10000000,1,324,5,27,'Tuition'),(337,'2024-11-02',10000000,1,325,NULL,28,'Tuition'),(338,'2024-11-02',10000000,1,326,5,29,'Tuition'),(339,'2024-11-02',10000000,1,327,NULL,30,'Tuition'),(340,'2024-11-02',10000000,1,328,NULL,31,'Tuition'),(341,'2024-11-02',10000000,1,329,NULL,32,'Tuition'),(342,'2024-11-02',10000000,1,330,NULL,33,'Tuition'),(343,'2024-11-02',10000000,1,331,NULL,34,'Tuition'),(344,'2024-11-02',10000000,1,332,NULL,35,'Tuition'),(345,'2024-11-02',10000000,1,333,NULL,36,'Tuition'),(346,'2024-11-02',10000000,1,334,NULL,37,'Tuition'),(347,'2024-11-02',10000000,1,335,NULL,38,'Tuition'),(348,'2024-11-02',10000000,1,336,NULL,39,'Tuition'),(349,'2024-11-02',10000000,1,337,NULL,40,'Tuition'),(350,'2024-11-02',10000000,1,338,NULL,41,'Tuition'),(351,'2024-11-02',10000000,1,339,NULL,42,'Tuition'),(352,'2024-11-02',10000000,1,340,NULL,43,'Tuition'),(353,'2024-11-02',10000000,1,341,NULL,44,'Tuition'),(354,'2024-11-02',10000000,1,342,NULL,45,'Tuition'),(355,'2024-11-02',10000000,1,343,NULL,46,'Tuition'),(356,'2024-11-02',10000000,1,344,NULL,47,'Tuition'),(357,'2024-11-02',10000000,1,345,NULL,48,'Tuition'),(358,'2024-11-02',10000000,1,346,NULL,49,'Tuition'),(359,'2024-11-02',10000000,1,347,NULL,50,'Tuition'),(360,'2024-12-02',10000000,1,398,NULL,1,'Tuition'),(361,'2024-12-02',10000000,1,399,NULL,2,'Tuition'),(362,'2024-12-02',10000000,1,400,NULL,3,'Tuition'),(363,'2024-12-02',10000000,1,401,NULL,4,'Tuition'),(364,'2024-12-02',10000000,1,402,NULL,5,'Tuition'),(365,'2024-12-02',10000000,1,403,NULL,6,'Tuition'),(366,'2024-12-02',10000000,1,404,NULL,7,'Tuition'),(367,'2024-12-02',10000000,1,405,NULL,8,'Tuition'),(368,'2024-12-02',10000000,1,406,NULL,9,'Tuition'),(369,'2024-12-02',10000000,1,407,NULL,10,'Tuition'),(370,'2024-12-02',10000000,1,408,NULL,11,'Tuition'),(371,'2024-12-02',10000000,1,409,NULL,12,'Tuition'),(372,'2024-12-02',10000000,1,410,NULL,13,'Tuition'),(373,'2024-12-02',10000000,1,411,NULL,14,'Tuition'),(374,'2024-12-02',10000000,1,412,NULL,15,'Tuition'),(375,'2024-12-02',10000000,1,413,NULL,16,'Tuition'),(376,'2024-12-02',10000000,1,414,NULL,17,'Tuition'),(377,'2024-12-02',10000000,1,415,NULL,18,'Tuition'),(378,'2024-12-02',10000000,1,416,NULL,19,'Tuition'),(379,'2024-12-02',10000000,1,417,NULL,20,'Tuition'),(380,'2024-12-02',10000000,1,418,NULL,21,'Tuition'),(381,'2024-12-02',10000000,1,419,NULL,22,'Tuition'),(382,'2024-12-02',10000000,1,420,NULL,23,'Tuition'),(383,'2024-12-02',10000000,1,421,NULL,24,'Tuition'),(384,'2024-12-02',10000000,1,422,NULL,25,'Tuition'),(385,'2024-12-02',10000000,1,423,NULL,26,'Tuition'),(386,'2024-12-02',10000000,1,424,NULL,27,'Tuition'),(387,'2024-12-02',10000000,1,425,NULL,28,'Tuition'),(388,'2024-12-02',10000000,1,426,NULL,29,'Tuition'),(389,'2024-12-02',10000000,1,427,NULL,30,'Tuition'),(390,'2024-12-02',10000000,1,428,NULL,31,'Tuition'),(391,'2024-12-02',10000000,1,429,NULL,32,'Tuition'),(392,'2024-12-02',10000000,1,430,NULL,33,'Tuition'),(393,'2024-12-02',10000000,1,431,NULL,34,'Tuition'),(394,'2024-12-02',10000000,1,432,NULL,35,'Tuition'),(395,'2024-12-02',10000000,1,433,NULL,36,'Tuition'),(396,'2024-12-02',10000000,1,434,NULL,37,'Tuition'),(397,'2024-12-02',10000000,1,435,NULL,38,'Tuition'),(398,'2024-12-02',10000000,1,436,NULL,39,'Tuition'),(399,'2024-12-02',10000000,1,437,NULL,40,'Tuition'),(400,'2024-12-02',10000000,1,438,NULL,41,'Tuition'),(401,'2024-12-02',10000000,1,439,NULL,42,'Tuition'),(402,'2024-12-02',10000000,1,440,NULL,43,'Tuition'),(403,'2024-12-02',10000000,1,441,NULL,44,'Tuition'),(404,'2024-12-02',10000000,1,442,NULL,45,'Tuition'),(405,'2024-12-02',10000000,1,443,NULL,46,'Tuition'),(406,'2024-12-02',10000000,1,444,NULL,47,'Tuition'),(407,'2024-12-02',10000000,1,445,NULL,48,'Tuition'),(408,'2024-12-02',10000000,1,446,NULL,49,'Tuition'),(409,'2024-12-02',10000000,1,447,NULL,50,'Tuition');
/*!40000 ALTER TABLE `payment` ENABLE KEYS */;
UNLOCK TABLES;

--
-- Table structure for table `pickup_person`
--

DROP TABLE IF EXISTS `pickup_person`;
/*!40101 SET @saved_cs_client     = @@character_set_client */;
/*!50503 SET character_set_client = utf8mb4 */;
CREATE TABLE `pickup_person` (
  `PickupPersonID` int NOT NULL AUTO_INCREMENT,
  `ParentID` int NOT NULL,
  `Name` varchar(45) NOT NULL,
  `PhoneNumber` varchar(15) DEFAULT NULL,
  `UUID` varchar(255) NOT NULL,
  `ImageUrl` varchar(500) DEFAULT NULL,
  PRIMARY KEY (`PickupPersonID`),
  KEY `fk_PickupPerson_ParentID_idx` (`ParentID`),
  CONSTRAINT `fk_PickupPerson_ParentID` FOREIGN KEY (`ParentID`) REFERENCES `parent` (`ParentID`)
) ENGINE=InnoDB AUTO_INCREMENT=5 DEFAULT CHARSET=utf8mb4 COLLATE=utf8mb4_0900_ai_ci;
/*!40101 SET character_set_client = @saved_cs_client */;

--
-- Dumping data for table `pickup_person`
--

LOCK TABLES `pickup_person` WRITE;
/*!40000 ALTER TABLE `pickup_person` DISABLE KEYS */;
INSERT INTO `pickup_person` VALUES (3,44,'Nguyễn Trung Hiếu','0987676787','22ba1674-b87c-11ef-86d3-0242ac120002','https://faces.nyc3.digitaloceanspaces.com/2285c572-b87c-11ef-86d3-0242ac120002.jpg'),(4,46,'Nguyễn Sơn Bách','0383949987','2ef33041-b87c-11ef-86d3-0242ac120002','https://faces.nyc3.digitaloceanspaces.com/2ed04e66-b87c-11ef-86d3-0242ac120002.png');
/*!40000 ALTER TABLE `pickup_person` ENABLE KEYS */;
UNLOCK TABLES;

--
-- Table structure for table `pickup_person_has_children`
--

DROP TABLE IF EXISTS `pickup_person_has_children`;
/*!40101 SET @saved_cs_client     = @@character_set_client */;
/*!50503 SET character_set_client = utf8mb4 */;
CREATE TABLE `pickup_person_has_children` (
  `PickupPersonID` int NOT NULL,
  `StudentID` int NOT NULL,
  PRIMARY KEY (`PickupPersonID`,`StudentID`),
  KEY `fk_PickupPersonChildren_StudentID` (`StudentID`),
  CONSTRAINT `fk_PickupPersonChildren_PickupPersonID` FOREIGN KEY (`PickupPersonID`) REFERENCES `pickup_person` (`PickupPersonID`),
  CONSTRAINT `fk_PickupPersonChildren_StudentID` FOREIGN KEY (`StudentID`) REFERENCES `children` (`StudentID`)
) ENGINE=InnoDB DEFAULT CHARSET=utf8mb4 COLLATE=utf8mb4_0900_ai_ci;
/*!40101 SET character_set_client = @saved_cs_client */;

--
-- Dumping data for table `pickup_person_has_children`
--

LOCK TABLES `pickup_person_has_children` WRITE;
/*!40000 ALTER TABLE `pickup_person_has_children` DISABLE KEYS */;
INSERT INTO `pickup_person_has_children` VALUES (3,5),(3,9),(4,33);
/*!40000 ALTER TABLE `pickup_person_has_children` ENABLE KEYS */;
UNLOCK TABLES;

--
-- Table structure for table `request`
--

DROP TABLE IF EXISTS `request`;
/*!40101 SET @saved_cs_client     = @@character_set_client */;
/*!50503 SET character_set_client = utf8mb4 */;
CREATE TABLE `request` (
  `RequestID` int NOT NULL AUTO_INCREMENT,
  `Title` varchar(255) DEFAULT NULL,
  `Description` varchar(255) DEFAULT NULL,
  `StatusRequest` int DEFAULT NULL,
  `CreateAt` datetime DEFAULT NULL,
  `CreateBy` int NOT NULL,
  `StudentID` int DEFAULT NULL,
  `ProcessNote` varchar(200) DEFAULT NULL,
  PRIMARY KEY (`RequestID`),
  KEY `fk_Request_user1_idx` (`CreateBy`),
  CONSTRAINT `fk_Request_user1` FOREIGN KEY (`CreateBy`) REFERENCES `user` (`UserID`)
) ENGINE=InnoDB DEFAULT CHARSET=utf8mb4 COLLATE=utf8mb4_0900_ai_ci;
/*!40101 SET character_set_client = @saved_cs_client */;

--
-- Dumping data for table `request`
--

LOCK TABLES `request` WRITE;
/*!40000 ALTER TABLE `request` DISABLE KEYS */;
/*!40000 ALTER TABLE `request` ENABLE KEYS */;
UNLOCK TABLES;

--
-- Table structure for table `resetpasswordtokens`
--

DROP TABLE IF EXISTS `resetpasswordtokens`;
/*!40101 SET @saved_cs_client     = @@character_set_client */;
/*!50503 SET character_set_client = utf8mb4 */;
CREATE TABLE `resetpasswordtokens` (
  `UserId` int NOT NULL,
  `Token` varchar(300) NOT NULL,
  `ExpiryTime` datetime NOT NULL,
  PRIMARY KEY (`UserId`)
) ENGINE=InnoDB DEFAULT CHARSET=utf8mb4 COLLATE=utf8mb4_0900_ai_ci;
/*!40101 SET character_set_client = @saved_cs_client */;

--
-- Dumping data for table `resetpasswordtokens`
--

LOCK TABLES `resetpasswordtokens` WRITE;
/*!40000 ALTER TABLE `resetpasswordtokens` DISABLE KEYS */;
/*!40000 ALTER TABLE `resetpasswordtokens` ENABLE KEYS */;
UNLOCK TABLES;

--
-- Table structure for table `role`
--

DROP TABLE IF EXISTS `role`;
/*!40101 SET @saved_cs_client     = @@character_set_client */;
/*!50503 SET character_set_client = utf8mb4 */;
CREATE TABLE `role` (
  `RoleID` int NOT NULL AUTO_INCREMENT,
  `RoleName` varchar(45) DEFAULT NULL,
  PRIMARY KEY (`RoleID`)
) ENGINE=InnoDB AUTO_INCREMENT=7 DEFAULT CHARSET=utf8mb4 COLLATE=utf8mb4_0900_ai_ci;
/*!40101 SET character_set_client = @saved_cs_client */;

--
-- Dumping data for table `role`
--

LOCK TABLES `role` WRITE;
/*!40000 ALTER TABLE `role` DISABLE KEYS */;
INSERT INTO `role` VALUES (1,'Admin'),(2,'Parent'),(3,'Staff'),(4,'Principal'),(5,'Teacher'),(6,'CheckInOutTeacher');
/*!40000 ALTER TABLE `role` ENABLE KEYS */;
UNLOCK TABLES;

--
-- Table structure for table `schedule`
--

DROP TABLE IF EXISTS `schedule`;
/*!40101 SET @saved_cs_client     = @@character_set_client */;
/*!50503 SET character_set_client = utf8mb4 */;
CREATE TABLE `schedule` (
  `ScheduleID` int NOT NULL AUTO_INCREMENT,
  `Status` int DEFAULT NULL,
  `ClassID` int NOT NULL,
  `TeacherName` varchar(45) DEFAULT NULL,
  PRIMARY KEY (`ScheduleID`),
  KEY `fk_Schedule_class1_idx` (`ClassID`),
  CONSTRAINT `fk_Schedule_class1` FOREIGN KEY (`ClassID`) REFERENCES `class` (`ClassID`)
) ENGINE=InnoDB AUTO_INCREMENT=26 DEFAULT CHARSET=utf8mb4 COLLATE=utf8mb4_0900_ai_ci;
/*!40101 SET character_set_client = @saved_cs_client */;

--
-- Dumping data for table `schedule`
--

LOCK TABLES `schedule` WRITE;
/*!40000 ALTER TABLE `schedule` DISABLE KEYS */;
INSERT INTO `schedule` VALUES (19,0,138,''),(20,1,139,''),(21,0,140,''),(22,0,141,''),(23,0,143,''),(24,0,144,''),(25,0,142,NULL);
/*!40000 ALTER TABLE `schedule` ENABLE KEYS */;
UNLOCK TABLES;

--
-- Table structure for table `scheduledetail`
--

DROP TABLE IF EXISTS `scheduledetail`;
/*!40101 SET @saved_cs_client     = @@character_set_client */;
/*!50503 SET character_set_client = utf8mb4 */;
CREATE TABLE `scheduledetail` (
  `ScheduleDetailID` int NOT NULL AUTO_INCREMENT,
  `TimeSlotID` int NOT NULL,
  `ActivityId` int NOT NULL,
  `LocationID` int NOT NULL,
  `Note` varchar(45) DEFAULT NULL,
  `day` varchar(45) DEFAULT NULL,
  `ScheduleID` int NOT NULL,
  `weekdate` varchar(45) DEFAULT NULL,
  PRIMARY KEY (`ScheduleDetailID`),
  KEY `fk_schedule_time_slot1_idx` (`TimeSlotID`),
  KEY `fk_schedule_time_location_idx` (`LocationID`),
  KEY `fk_schedule_time_activity_idx` (`ActivityId`),
  KEY `fk_scheduledetail_time_slot1_idx` (`ScheduleID`),
  CONSTRAINT `fk_scheduledetail_schedule` FOREIGN KEY (`ScheduleID`) REFERENCES `schedule` (`ScheduleID`),
  CONSTRAINT `fk_scheduledetail_time_activity` FOREIGN KEY (`ActivityId`) REFERENCES `activity` (`ActivityId`),
  CONSTRAINT `fk_scheduledetail_time_location` FOREIGN KEY (`LocationID`) REFERENCES `location` (`LocationID`),
  CONSTRAINT `fk_scheduledetail_time_slot1` FOREIGN KEY (`TimeSlotID`) REFERENCES `time_slot` (`TimeSlotID`)
) ENGINE=InnoDB AUTO_INCREMENT=1988 DEFAULT CHARSET=utf8mb4 COLLATE=utf8mb4_0900_ai_ci;
/*!40101 SET character_set_client = @saved_cs_client */;

--
-- Dumping data for table `scheduledetail`
--

LOCK TABLES `scheduledetail` WRITE;
/*!40000 ALTER TABLE `scheduledetail` DISABLE KEYS */;
INSERT INTO `scheduledetail` VALUES (932,1,2,1,'','Monday',19,'18/11/2024-24/11/2024'),(933,1,2,1,'','Tuesday',19,'18/11/2024-24/11/2024'),(934,1,2,1,'','Wednesday',19,'18/11/2024-24/11/2024'),(935,1,2,1,'','Thursday',19,'18/11/2024-24/11/2024'),(936,1,2,1,'','Friday',19,'18/11/2024-24/11/2024'),(937,1,2,1,'','Saturday',19,'18/11/2024-24/11/2024'),(938,2,3,1,'','Monday',19,'18/11/2024-24/11/2024'),(939,2,3,1,'','Tuesday',19,'18/11/2024-24/11/2024'),(940,2,3,1,'','Wednesday',19,'18/11/2024-24/11/2024'),(941,2,3,1,'','Thursday',19,'18/11/2024-24/11/2024'),(942,2,3,1,'','Friday',19,'18/11/2024-24/11/2024'),(943,2,3,1,'','Saturday',19,'18/11/2024-24/11/2024'),(944,3,4,7,'','Monday',19,'18/11/2024-24/11/2024'),(945,3,4,7,'','Tuesday',19,'18/11/2024-24/11/2024'),(946,3,4,7,'','Wednesday',19,'18/11/2024-24/11/2024'),(947,3,4,7,'','Thursday',19,'18/11/2024-24/11/2024'),(948,3,4,7,'','Friday',19,'18/11/2024-24/11/2024'),(949,3,4,7,'','Saturday',19,'18/11/2024-24/11/2024'),(950,4,5,2,'','Monday',19,'18/11/2024-24/11/2024'),(951,4,5,2,'','Tuesday',19,'18/11/2024-24/11/2024'),(952,4,5,2,'','Wednesday',19,'18/11/2024-24/11/2024'),(953,4,5,2,'','Thursday',19,'18/11/2024-24/11/2024'),(954,4,5,2,'','Friday',19,'18/11/2024-24/11/2024'),(955,4,5,2,'','Saturday',19,'18/11/2024-24/11/2024'),(956,5,9,1,'','Monday',19,'18/11/2024-24/11/2024'),(957,5,9,1,'','Tuesday',19,'18/11/2024-24/11/2024'),(958,5,9,1,'','Wednesday',19,'18/11/2024-24/11/2024'),(959,5,9,1,'','Thursday',19,'18/11/2024-24/11/2024'),(960,5,9,1,'','Friday',19,'18/11/2024-24/11/2024'),(961,5,9,1,'','Saturday',19,'18/11/2024-24/11/2024'),(962,6,10,7,'','Monday',19,'18/11/2024-24/11/2024'),(963,6,10,7,'','Tuesday',19,'18/11/2024-24/11/2024'),(964,6,10,7,'','Wednesday',19,'18/11/2024-24/11/2024'),(965,6,10,7,'','Thursday',19,'18/11/2024-24/11/2024'),(966,6,10,7,'','Friday',19,'18/11/2024-24/11/2024'),(967,6,10,7,'','Saturday',19,'18/11/2024-24/11/2024'),(968,7,11,7,'','Monday',19,'18/11/2024-24/11/2024'),(969,7,14,7,'','Tuesday',19,'18/11/2024-24/11/2024'),(970,7,11,7,'','Wednesday',19,'18/11/2024-24/11/2024'),(971,7,14,7,'','Thursday',19,'18/11/2024-24/11/2024'),(972,7,11,7,'','Friday',19,'18/11/2024-24/11/2024'),(973,7,14,7,'','Saturday',19,'18/11/2024-24/11/2024'),(974,8,15,6,'','Monday',19,'18/11/2024-24/11/2024'),(975,8,17,6,'','Tuesday',19,'18/11/2024-24/11/2024'),(976,8,15,6,'','Wednesday',19,'18/11/2024-24/11/2024'),(977,8,17,6,'','Thursday',19,'18/11/2024-24/11/2024'),(978,8,15,6,'','Friday',19,'18/11/2024-24/11/2024'),(979,8,17,6,'','Saturday',19,'18/11/2024-24/11/2024'),(980,9,16,1,'','Monday',19,'18/11/2024-24/11/2024'),(981,9,16,1,'','Tuesday',19,'18/11/2024-24/11/2024'),(982,9,16,1,'','Wednesday',19,'18/11/2024-24/11/2024'),(983,9,16,1,'','Thursday',19,'18/11/2024-24/11/2024'),(984,9,16,1,'','Friday',19,'18/11/2024-24/11/2024'),(985,9,16,1,'','Saturday',19,'18/11/2024-24/11/2024'),(986,10,12,5,'','Monday',19,'18/11/2024-24/11/2024'),(987,10,7,4,'','Tuesday',19,'18/11/2024-24/11/2024'),(988,10,12,5,'','Wednesday',19,'18/11/2024-24/11/2024'),(989,10,7,4,'','Thursday',19,'18/11/2024-24/11/2024'),(990,10,12,5,'','Friday',19,'18/11/2024-24/11/2024'),(991,10,7,4,'','Saturday',19,'18/11/2024-24/11/2024'),(992,11,1,1,'','Monday',19,'18/11/2024-24/11/2024'),(993,11,1,1,'','Tuesday',19,'18/11/2024-24/11/2024'),(994,11,1,1,'','Wednesday',19,'18/11/2024-24/11/2024'),(995,11,1,1,'','Thursday',19,'18/11/2024-24/11/2024'),(996,11,1,1,'','Friday',19,'18/11/2024-24/11/2024'),(997,11,1,1,'','Saturday',19,'18/11/2024-24/11/2024'),(998,1,2,1,'','Monday',19,'25/11/2024-01/12/2024'),(999,1,2,1,'','Tuesday',19,'25/11/2024-01/12/2024'),(1000,1,2,1,'','Wednesday',19,'25/11/2024-01/12/2024'),(1001,1,2,1,'','Thursday',19,'25/11/2024-01/12/2024'),(1002,1,2,1,'','Friday',19,'25/11/2024-01/12/2024'),(1003,1,2,1,'','Saturday',19,'25/11/2024-01/12/2024'),(1004,2,3,1,'','Monday',19,'25/11/2024-01/12/2024'),(1005,2,3,1,'','Tuesday',19,'25/11/2024-01/12/2024'),(1006,2,3,1,'','Wednesday',19,'25/11/2024-01/12/2024'),(1007,2,3,1,'','Thursday',19,'25/11/2024-01/12/2024'),(1008,2,3,1,'','Friday',19,'25/11/2024-01/12/2024'),(1009,2,3,1,'','Saturday',19,'25/11/2024-01/12/2024'),(1010,3,4,7,'','Monday',19,'25/11/2024-01/12/2024'),(1011,3,4,7,'','Tuesday',19,'25/11/2024-01/12/2024'),(1012,3,4,7,'','Wednesday',19,'25/11/2024-01/12/2024'),(1013,3,4,7,'','Thursday',19,'25/11/2024-01/12/2024'),(1014,3,4,7,'','Friday',19,'25/11/2024-01/12/2024'),(1015,3,4,7,'','Saturday',19,'25/11/2024-01/12/2024'),(1016,4,5,2,'','Monday',19,'25/11/2024-01/12/2024'),(1017,4,5,2,'','Tuesday',19,'25/11/2024-01/12/2024'),(1018,4,5,2,'','Wednesday',19,'25/11/2024-01/12/2024'),(1019,4,5,2,'','Thursday',19,'25/11/2024-01/12/2024'),(1020,4,5,2,'','Friday',19,'25/11/2024-01/12/2024'),(1021,4,5,2,'','Saturday',19,'25/11/2024-01/12/2024'),(1022,5,9,1,'','Monday',19,'25/11/2024-01/12/2024'),(1023,5,9,1,'','Tuesday',19,'25/11/2024-01/12/2024'),(1024,5,9,1,'','Wednesday',19,'25/11/2024-01/12/2024'),(1025,5,9,1,'','Thursday',19,'25/11/2024-01/12/2024'),(1026,5,9,1,'','Friday',19,'25/11/2024-01/12/2024'),(1027,5,9,1,'','Saturday',19,'25/11/2024-01/12/2024'),(1028,6,10,7,'','Monday',19,'25/11/2024-01/12/2024'),(1029,6,10,7,'','Tuesday',19,'25/11/2024-01/12/2024'),(1030,6,10,7,'','Wednesday',19,'25/11/2024-01/12/2024'),(1031,6,10,7,'','Thursday',19,'25/11/2024-01/12/2024'),(1032,6,10,7,'','Friday',19,'25/11/2024-01/12/2024'),(1033,6,10,7,'','Saturday',19,'25/11/2024-01/12/2024'),(1034,7,11,7,'','Monday',19,'25/11/2024-01/12/2024'),(1035,7,14,7,'','Tuesday',19,'25/11/2024-01/12/2024'),(1036,7,11,7,'','Wednesday',19,'25/11/2024-01/12/2024'),(1037,7,14,7,'','Thursday',19,'25/11/2024-01/12/2024'),(1038,7,11,7,'','Friday',19,'25/11/2024-01/12/2024'),(1039,7,14,7,'','Saturday',19,'25/11/2024-01/12/2024'),(1040,8,15,6,'','Monday',19,'25/11/2024-01/12/2024'),(1041,8,17,6,'','Tuesday',19,'25/11/2024-01/12/2024'),(1042,8,15,6,'','Wednesday',19,'25/11/2024-01/12/2024'),(1043,8,17,6,'','Thursday',19,'25/11/2024-01/12/2024'),(1044,8,15,6,'','Friday',19,'25/11/2024-01/12/2024'),(1045,8,17,6,'','Saturday',19,'25/11/2024-01/12/2024'),(1046,9,16,1,'','Monday',19,'25/11/2024-01/12/2024'),(1047,9,16,1,'','Tuesday',19,'25/11/2024-01/12/2024'),(1048,9,16,1,'','Wednesday',19,'25/11/2024-01/12/2024'),(1049,9,16,1,'','Thursday',19,'25/11/2024-01/12/2024'),(1050,9,16,1,'','Friday',19,'25/11/2024-01/12/2024'),(1051,9,16,1,'','Saturday',19,'25/11/2024-01/12/2024'),(1052,10,12,5,'','Monday',19,'25/11/2024-01/12/2024'),(1053,10,7,4,'','Tuesday',19,'25/11/2024-01/12/2024'),(1054,10,12,5,'','Wednesday',19,'25/11/2024-01/12/2024'),(1055,10,7,4,'','Thursday',19,'25/11/2024-01/12/2024'),(1056,10,12,5,'','Friday',19,'25/11/2024-01/12/2024'),(1057,10,7,4,'','Saturday',19,'25/11/2024-01/12/2024'),(1058,11,1,1,'','Monday',19,'25/11/2024-01/12/2024'),(1059,11,1,1,'','Tuesday',19,'25/11/2024-01/12/2024'),(1060,11,1,1,'','Wednesday',19,'25/11/2024-01/12/2024'),(1061,11,1,1,'','Thursday',19,'25/11/2024-01/12/2024'),(1062,11,1,1,'','Friday',19,'25/11/2024-01/12/2024'),(1063,11,1,1,'','Saturday',19,'25/11/2024-01/12/2024'),(1064,1,2,1,'','Monday',19,'02/12/2024-08/12/2024'),(1065,1,2,1,'','Tuesday',19,'02/12/2024-08/12/2024'),(1066,1,2,1,'','Wednesday',19,'02/12/2024-08/12/2024'),(1067,1,2,1,'','Thursday',19,'02/12/2024-08/12/2024'),(1068,1,2,1,'','Friday',19,'02/12/2024-08/12/2024'),(1069,1,2,1,'','Saturday',19,'02/12/2024-08/12/2024'),(1070,2,3,1,'','Monday',19,'02/12/2024-08/12/2024'),(1071,2,3,1,'','Tuesday',19,'02/12/2024-08/12/2024'),(1072,2,3,1,'','Wednesday',19,'02/12/2024-08/12/2024'),(1073,2,3,1,'','Thursday',19,'02/12/2024-08/12/2024'),(1074,2,3,1,'','Friday',19,'02/12/2024-08/12/2024'),(1075,2,3,1,'','Saturday',19,'02/12/2024-08/12/2024'),(1076,3,4,7,'','Monday',19,'02/12/2024-08/12/2024'),(1077,3,4,7,'','Tuesday',19,'02/12/2024-08/12/2024'),(1078,3,4,7,'','Wednesday',19,'02/12/2024-08/12/2024'),(1079,3,4,7,'','Thursday',19,'02/12/2024-08/12/2024'),(1080,3,4,7,'','Friday',19,'02/12/2024-08/12/2024'),(1081,3,4,7,'','Saturday',19,'02/12/2024-08/12/2024'),(1082,4,5,2,'','Monday',19,'02/12/2024-08/12/2024'),(1083,4,5,2,'','Tuesday',19,'02/12/2024-08/12/2024'),(1084,4,5,2,'','Wednesday',19,'02/12/2024-08/12/2024'),(1085,4,5,2,'','Thursday',19,'02/12/2024-08/12/2024'),(1086,4,5,2,'','Friday',19,'02/12/2024-08/12/2024'),(1087,4,5,2,'','Saturday',19,'02/12/2024-08/12/2024'),(1088,5,9,1,'','Monday',19,'02/12/2024-08/12/2024'),(1089,5,9,1,'','Tuesday',19,'02/12/2024-08/12/2024'),(1090,5,9,1,'','Wednesday',19,'02/12/2024-08/12/2024'),(1091,5,9,1,'','Thursday',19,'02/12/2024-08/12/2024'),(1092,5,9,1,'','Friday',19,'02/12/2024-08/12/2024'),(1093,5,9,1,'','Saturday',19,'02/12/2024-08/12/2024'),(1094,6,10,7,'','Monday',19,'02/12/2024-08/12/2024'),(1095,6,10,7,'','Tuesday',19,'02/12/2024-08/12/2024'),(1096,6,10,7,'','Wednesday',19,'02/12/2024-08/12/2024'),(1097,6,10,7,'','Thursday',19,'02/12/2024-08/12/2024'),(1098,6,10,7,'','Friday',19,'02/12/2024-08/12/2024'),(1099,6,10,7,'','Saturday',19,'02/12/2024-08/12/2024'),(1100,7,11,7,'','Monday',19,'02/12/2024-08/12/2024'),(1101,7,14,7,'','Tuesday',19,'02/12/2024-08/12/2024'),(1102,7,11,7,'','Wednesday',19,'02/12/2024-08/12/2024'),(1103,7,14,7,'','Thursday',19,'02/12/2024-08/12/2024'),(1104,7,11,7,'','Friday',19,'02/12/2024-08/12/2024'),(1105,7,14,7,'','Saturday',19,'02/12/2024-08/12/2024'),(1106,8,15,6,'','Monday',19,'02/12/2024-08/12/2024'),(1107,8,17,6,'','Tuesday',19,'02/12/2024-08/12/2024'),(1108,8,15,6,'','Wednesday',19,'02/12/2024-08/12/2024'),(1109,8,17,6,'','Thursday',19,'02/12/2024-08/12/2024'),(1110,8,15,6,'','Friday',19,'02/12/2024-08/12/2024'),(1111,8,17,6,'','Saturday',19,'02/12/2024-08/12/2024'),(1112,9,16,1,'','Monday',19,'02/12/2024-08/12/2024'),(1113,9,16,1,'','Tuesday',19,'02/12/2024-08/12/2024'),(1114,9,16,1,'','Wednesday',19,'02/12/2024-08/12/2024'),(1115,9,16,1,'','Thursday',19,'02/12/2024-08/12/2024'),(1116,9,16,1,'','Friday',19,'02/12/2024-08/12/2024'),(1117,9,16,1,'','Saturday',19,'02/12/2024-08/12/2024'),(1118,10,12,5,'','Monday',19,'02/12/2024-08/12/2024'),(1119,10,7,4,'','Tuesday',19,'02/12/2024-08/12/2024'),(1120,10,12,5,'','Wednesday',19,'02/12/2024-08/12/2024'),(1121,10,7,4,'','Thursday',19,'02/12/2024-08/12/2024'),(1122,10,12,5,'','Friday',19,'02/12/2024-08/12/2024'),(1123,10,7,4,'','Saturday',19,'02/12/2024-08/12/2024'),(1124,11,1,1,'','Monday',19,'02/12/2024-08/12/2024'),(1125,11,1,1,'','Tuesday',19,'02/12/2024-08/12/2024'),(1126,11,1,1,'','Wednesday',19,'02/12/2024-08/12/2024'),(1127,11,1,1,'','Thursday',19,'02/12/2024-08/12/2024'),(1128,11,1,1,'','Friday',19,'02/12/2024-08/12/2024'),(1129,11,1,1,'','Saturday',19,'02/12/2024-08/12/2024'),(1130,1,2,1,'','Monday',19,'09/12/2024-15/12/2024'),(1131,1,2,1,'','Tuesday',19,'09/12/2024-15/12/2024'),(1132,1,2,1,'','Wednesday',19,'09/12/2024-15/12/2024'),(1133,1,2,1,'','Thursday',19,'09/12/2024-15/12/2024'),(1134,1,2,1,'','Friday',19,'09/12/2024-15/12/2024'),(1135,1,2,1,'','Saturday',19,'09/12/2024-15/12/2024'),(1136,2,3,1,'','Monday',19,'09/12/2024-15/12/2024'),(1137,2,3,1,'','Tuesday',19,'09/12/2024-15/12/2024'),(1138,2,3,1,'','Wednesday',19,'09/12/2024-15/12/2024'),(1139,2,3,1,'','Thursday',19,'09/12/2024-15/12/2024'),(1140,2,3,1,'','Friday',19,'09/12/2024-15/12/2024'),(1141,2,3,1,'','Saturday',19,'09/12/2024-15/12/2024'),(1142,3,4,7,'','Monday',19,'09/12/2024-15/12/2024'),(1143,3,4,7,'','Tuesday',19,'09/12/2024-15/12/2024'),(1144,3,4,7,'','Wednesday',19,'09/12/2024-15/12/2024'),(1145,3,4,7,'','Thursday',19,'09/12/2024-15/12/2024'),(1146,3,4,7,'','Friday',19,'09/12/2024-15/12/2024'),(1147,3,4,7,'','Saturday',19,'09/12/2024-15/12/2024'),(1148,4,5,2,'','Monday',19,'09/12/2024-15/12/2024'),(1149,4,5,2,'','Tuesday',19,'09/12/2024-15/12/2024'),(1150,4,5,2,'','Wednesday',19,'09/12/2024-15/12/2024'),(1151,4,5,2,'','Thursday',19,'09/12/2024-15/12/2024'),(1152,4,5,2,'','Friday',19,'09/12/2024-15/12/2024'),(1153,4,5,2,'','Saturday',19,'09/12/2024-15/12/2024'),(1154,5,9,1,'','Monday',19,'09/12/2024-15/12/2024'),(1155,5,9,1,'','Tuesday',19,'09/12/2024-15/12/2024'),(1156,5,9,1,'','Wednesday',19,'09/12/2024-15/12/2024'),(1157,5,9,1,'','Thursday',19,'09/12/2024-15/12/2024'),(1158,5,9,1,'','Friday',19,'09/12/2024-15/12/2024'),(1159,5,9,1,'','Saturday',19,'09/12/2024-15/12/2024'),(1160,6,10,7,'','Monday',19,'09/12/2024-15/12/2024'),(1161,6,10,7,'','Tuesday',19,'09/12/2024-15/12/2024'),(1162,6,10,7,'','Wednesday',19,'09/12/2024-15/12/2024'),(1163,6,10,7,'','Thursday',19,'09/12/2024-15/12/2024'),(1164,6,10,7,'','Friday',19,'09/12/2024-15/12/2024'),(1165,6,10,7,'','Saturday',19,'09/12/2024-15/12/2024'),(1166,7,11,7,'','Monday',19,'09/12/2024-15/12/2024'),(1167,7,14,7,'','Tuesday',19,'09/12/2024-15/12/2024'),(1168,7,11,7,'','Wednesday',19,'09/12/2024-15/12/2024'),(1169,7,14,7,'','Thursday',19,'09/12/2024-15/12/2024'),(1170,7,11,7,'','Friday',19,'09/12/2024-15/12/2024'),(1171,7,14,7,'','Saturday',19,'09/12/2024-15/12/2024'),(1172,8,15,6,'','Monday',19,'09/12/2024-15/12/2024'),(1173,8,17,6,'','Tuesday',19,'09/12/2024-15/12/2024'),(1174,8,15,6,'','Wednesday',19,'09/12/2024-15/12/2024'),(1175,8,17,6,'','Thursday',19,'09/12/2024-15/12/2024'),(1176,8,15,6,'','Friday',19,'09/12/2024-15/12/2024'),(1177,8,17,6,'','Saturday',19,'09/12/2024-15/12/2024'),(1178,9,16,1,'','Monday',19,'09/12/2024-15/12/2024'),(1179,9,16,1,'','Tuesday',19,'09/12/2024-15/12/2024'),(1180,9,16,1,'','Wednesday',19,'09/12/2024-15/12/2024'),(1181,9,16,1,'','Thursday',19,'09/12/2024-15/12/2024'),(1182,9,16,1,'','Friday',19,'09/12/2024-15/12/2024'),(1183,9,16,1,'','Saturday',19,'09/12/2024-15/12/2024'),(1184,10,12,5,'','Monday',19,'09/12/2024-15/12/2024'),(1185,10,7,4,'','Tuesday',19,'09/12/2024-15/12/2024'),(1186,10,12,5,'','Wednesday',19,'09/12/2024-15/12/2024'),(1187,10,7,4,'','Thursday',19,'09/12/2024-15/12/2024'),(1188,10,12,5,'','Friday',19,'09/12/2024-15/12/2024'),(1189,10,7,4,'','Saturday',19,'09/12/2024-15/12/2024'),(1190,11,1,1,'','Monday',19,'09/12/2024-15/12/2024'),(1191,11,1,1,'','Tuesday',19,'09/12/2024-15/12/2024'),(1192,11,1,1,'','Wednesday',19,'09/12/2024-15/12/2024'),(1193,11,1,1,'','Thursday',19,'09/12/2024-15/12/2024'),(1194,11,1,1,'','Friday',19,'09/12/2024-15/12/2024'),(1195,11,1,1,'','Saturday',19,'09/12/2024-15/12/2024'),(1196,1,2,1,'','Monday',20,'18/11/2024-24/11/2024'),(1197,1,2,1,'','Tuesday',20,'18/11/2024-24/11/2024'),(1198,1,2,1,'','Wednesday',20,'18/11/2024-24/11/2024'),(1199,1,2,1,'','Thursday',20,'18/11/2024-24/11/2024'),(1200,1,2,1,'','Friday',20,'18/11/2024-24/11/2024'),(1201,1,2,1,'','Saturday',20,'18/11/2024-24/11/2024'),(1202,2,3,1,'','Monday',20,'18/11/2024-24/11/2024'),(1203,2,3,1,'','Tuesday',20,'18/11/2024-24/11/2024'),(1204,2,3,1,'','Wednesday',20,'18/11/2024-24/11/2024'),(1205,2,3,1,'','Thursday',20,'18/11/2024-24/11/2024'),(1206,2,3,1,'','Friday',20,'18/11/2024-24/11/2024'),(1207,2,3,1,'','Saturday',20,'18/11/2024-24/11/2024'),(1208,3,4,7,'','Monday',20,'18/11/2024-24/11/2024'),(1209,3,4,7,'','Tuesday',20,'18/11/2024-24/11/2024'),(1210,3,4,7,'','Wednesday',20,'18/11/2024-24/11/2024'),(1211,3,4,7,'','Thursday',20,'18/11/2024-24/11/2024'),(1212,3,4,7,'','Friday',20,'18/11/2024-24/11/2024'),(1213,3,4,7,'','Saturday',20,'18/11/2024-24/11/2024'),(1214,4,5,2,'','Monday',20,'18/11/2024-24/11/2024'),(1215,4,5,2,'','Tuesday',20,'18/11/2024-24/11/2024'),(1216,4,5,2,'','Wednesday',20,'18/11/2024-24/11/2024'),(1217,4,5,2,'','Thursday',20,'18/11/2024-24/11/2024'),(1218,4,5,2,'','Friday',20,'18/11/2024-24/11/2024'),(1219,4,5,2,'','Saturday',20,'18/11/2024-24/11/2024'),(1220,5,9,1,'','Monday',20,'18/11/2024-24/11/2024'),(1221,5,9,1,'','Tuesday',20,'18/11/2024-24/11/2024'),(1222,5,9,1,'','Wednesday',20,'18/11/2024-24/11/2024'),(1223,5,9,1,'','Thursday',20,'18/11/2024-24/11/2024'),(1224,5,9,1,'','Friday',20,'18/11/2024-24/11/2024'),(1225,5,9,1,'','Saturday',20,'18/11/2024-24/11/2024'),(1226,6,10,7,'','Monday',20,'18/11/2024-24/11/2024'),(1227,6,10,7,'','Tuesday',20,'18/11/2024-24/11/2024'),(1228,6,10,7,'','Wednesday',20,'18/11/2024-24/11/2024'),(1229,6,10,7,'','Thursday',20,'18/11/2024-24/11/2024'),(1230,6,10,7,'','Friday',20,'18/11/2024-24/11/2024'),(1231,6,10,7,'','Saturday',20,'18/11/2024-24/11/2024'),(1232,7,11,7,'','Monday',20,'18/11/2024-24/11/2024'),(1233,7,14,7,'','Tuesday',20,'18/11/2024-24/11/2024'),(1234,7,11,7,'','Wednesday',20,'18/11/2024-24/11/2024'),(1235,7,14,7,'','Thursday',20,'18/11/2024-24/11/2024'),(1236,7,11,7,'','Friday',20,'18/11/2024-24/11/2024'),(1237,7,14,7,'','Saturday',20,'18/11/2024-24/11/2024'),(1238,8,15,6,'','Monday',20,'18/11/2024-24/11/2024'),(1239,8,17,6,'','Tuesday',20,'18/11/2024-24/11/2024'),(1240,8,15,6,'','Wednesday',20,'18/11/2024-24/11/2024'),(1241,8,17,6,'','Thursday',20,'18/11/2024-24/11/2024'),(1242,8,15,6,'','Friday',20,'18/11/2024-24/11/2024'),(1243,8,17,6,'','Saturday',20,'18/11/2024-24/11/2024'),(1244,9,16,1,'','Monday',20,'18/11/2024-24/11/2024'),(1245,9,16,1,'','Tuesday',20,'18/11/2024-24/11/2024'),(1246,9,16,1,'','Wednesday',20,'18/11/2024-24/11/2024'),(1247,9,16,1,'','Thursday',20,'18/11/2024-24/11/2024'),(1248,9,16,1,'','Friday',20,'18/11/2024-24/11/2024'),(1249,9,16,1,'','Saturday',20,'18/11/2024-24/11/2024'),(1250,10,12,5,'','Monday',20,'18/11/2024-24/11/2024'),(1251,10,7,4,'','Tuesday',20,'18/11/2024-24/11/2024'),(1252,10,12,5,'','Wednesday',20,'18/11/2024-24/11/2024'),(1253,10,7,4,'','Thursday',20,'18/11/2024-24/11/2024'),(1254,10,12,5,'','Friday',20,'18/11/2024-24/11/2024'),(1255,10,7,4,'','Saturday',20,'18/11/2024-24/11/2024'),(1256,11,1,1,'','Monday',20,'18/11/2024-24/11/2024'),(1257,11,1,1,'','Tuesday',20,'18/11/2024-24/11/2024'),(1258,11,1,1,'','Wednesday',20,'18/11/2024-24/11/2024'),(1259,11,1,1,'','Thursday',20,'18/11/2024-24/11/2024'),(1260,11,1,1,'','Friday',20,'18/11/2024-24/11/2024'),(1261,11,1,1,'','Saturday',20,'18/11/2024-24/11/2024'),(1262,1,2,1,'','Monday',20,'25/11/2024-01/12/2024'),(1263,1,2,1,'','Tuesday',20,'25/11/2024-01/12/2024'),(1264,1,2,1,'','Wednesday',20,'25/11/2024-01/12/2024'),(1265,1,2,1,'','Thursday',20,'25/11/2024-01/12/2024'),(1266,1,2,1,'','Friday',20,'25/11/2024-01/12/2024'),(1267,1,2,1,'','Saturday',20,'25/11/2024-01/12/2024'),(1268,2,3,1,'','Monday',20,'25/11/2024-01/12/2024'),(1269,2,3,1,'','Tuesday',20,'25/11/2024-01/12/2024'),(1270,2,3,1,'','Wednesday',20,'25/11/2024-01/12/2024'),(1271,2,3,1,'','Thursday',20,'25/11/2024-01/12/2024'),(1272,2,3,1,'','Friday',20,'25/11/2024-01/12/2024'),(1273,2,3,1,'','Saturday',20,'25/11/2024-01/12/2024'),(1274,3,4,7,'','Monday',20,'25/11/2024-01/12/2024'),(1275,3,4,7,'','Tuesday',20,'25/11/2024-01/12/2024'),(1276,3,4,7,'','Wednesday',20,'25/11/2024-01/12/2024'),(1277,3,4,7,'','Thursday',20,'25/11/2024-01/12/2024'),(1278,3,4,7,'','Friday',20,'25/11/2024-01/12/2024'),(1279,3,4,7,'','Saturday',20,'25/11/2024-01/12/2024'),(1280,4,5,2,'','Monday',20,'25/11/2024-01/12/2024'),(1281,4,5,2,'','Tuesday',20,'25/11/2024-01/12/2024'),(1282,4,5,2,'','Wednesday',20,'25/11/2024-01/12/2024'),(1283,4,5,2,'','Thursday',20,'25/11/2024-01/12/2024'),(1284,4,5,2,'','Friday',20,'25/11/2024-01/12/2024'),(1285,4,5,2,'','Saturday',20,'25/11/2024-01/12/2024'),(1286,5,9,1,'','Monday',20,'25/11/2024-01/12/2024'),(1287,5,9,1,'','Tuesday',20,'25/11/2024-01/12/2024'),(1288,5,9,1,'','Wednesday',20,'25/11/2024-01/12/2024'),(1289,5,9,1,'','Thursday',20,'25/11/2024-01/12/2024'),(1290,5,9,1,'','Friday',20,'25/11/2024-01/12/2024'),(1291,5,9,1,'','Saturday',20,'25/11/2024-01/12/2024'),(1292,6,10,7,'','Monday',20,'25/11/2024-01/12/2024'),(1293,6,10,7,'','Tuesday',20,'25/11/2024-01/12/2024'),(1294,6,10,7,'','Wednesday',20,'25/11/2024-01/12/2024'),(1295,6,10,7,'','Thursday',20,'25/11/2024-01/12/2024'),(1296,6,10,7,'','Friday',20,'25/11/2024-01/12/2024'),(1297,6,10,7,'','Saturday',20,'25/11/2024-01/12/2024'),(1298,7,11,7,'','Monday',20,'25/11/2024-01/12/2024'),(1299,7,14,7,'','Tuesday',20,'25/11/2024-01/12/2024'),(1300,7,11,7,'','Wednesday',20,'25/11/2024-01/12/2024'),(1301,7,14,7,'','Thursday',20,'25/11/2024-01/12/2024'),(1302,7,11,7,'','Friday',20,'25/11/2024-01/12/2024'),(1303,7,14,7,'','Saturday',20,'25/11/2024-01/12/2024'),(1304,8,15,6,'','Monday',20,'25/11/2024-01/12/2024'),(1305,8,17,6,'','Tuesday',20,'25/11/2024-01/12/2024'),(1306,8,15,6,'','Wednesday',20,'25/11/2024-01/12/2024'),(1307,8,17,6,'','Thursday',20,'25/11/2024-01/12/2024'),(1308,8,15,6,'','Friday',20,'25/11/2024-01/12/2024'),(1309,8,17,6,'','Saturday',20,'25/11/2024-01/12/2024'),(1310,9,16,1,'','Monday',20,'25/11/2024-01/12/2024'),(1311,9,16,1,'','Tuesday',20,'25/11/2024-01/12/2024'),(1312,9,16,1,'','Wednesday',20,'25/11/2024-01/12/2024'),(1313,9,16,1,'','Thursday',20,'25/11/2024-01/12/2024'),(1314,9,16,1,'','Friday',20,'25/11/2024-01/12/2024'),(1315,9,16,1,'','Saturday',20,'25/11/2024-01/12/2024'),(1316,10,12,5,'','Monday',20,'25/11/2024-01/12/2024'),(1317,10,7,4,'','Tuesday',20,'25/11/2024-01/12/2024'),(1318,10,12,5,'','Wednesday',20,'25/11/2024-01/12/2024'),(1319,10,7,4,'','Thursday',20,'25/11/2024-01/12/2024'),(1320,10,12,5,'','Friday',20,'25/11/2024-01/12/2024'),(1321,10,7,4,'','Saturday',20,'25/11/2024-01/12/2024'),(1322,11,1,1,'','Monday',20,'25/11/2024-01/12/2024'),(1323,11,1,1,'','Tuesday',20,'25/11/2024-01/12/2024'),(1324,11,1,1,'','Wednesday',20,'25/11/2024-01/12/2024'),(1325,11,1,1,'','Thursday',20,'25/11/2024-01/12/2024'),(1326,11,1,1,'','Friday',20,'25/11/2024-01/12/2024'),(1327,11,1,1,'','Saturday',20,'25/11/2024-01/12/2024'),(1328,1,2,1,'','Monday',20,'02/12/2024-08/12/2024'),(1329,1,2,1,'','Tuesday',20,'02/12/2024-08/12/2024'),(1330,1,2,1,'','Wednesday',20,'02/12/2024-08/12/2024'),(1331,1,2,1,'','Thursday',20,'02/12/2024-08/12/2024'),(1332,1,2,1,'','Friday',20,'02/12/2024-08/12/2024'),(1333,1,2,1,'','Saturday',20,'02/12/2024-08/12/2024'),(1334,2,3,1,'','Monday',20,'02/12/2024-08/12/2024'),(1335,2,3,1,'','Tuesday',20,'02/12/2024-08/12/2024'),(1336,2,3,1,'','Wednesday',20,'02/12/2024-08/12/2024'),(1337,2,3,1,'','Thursday',20,'02/12/2024-08/12/2024'),(1338,2,3,1,'','Friday',20,'02/12/2024-08/12/2024'),(1339,2,3,1,'','Saturday',20,'02/12/2024-08/12/2024'),(1340,3,4,7,'','Monday',20,'02/12/2024-08/12/2024'),(1341,3,4,7,'','Tuesday',20,'02/12/2024-08/12/2024'),(1342,3,4,7,'','Wednesday',20,'02/12/2024-08/12/2024'),(1343,3,4,7,'','Thursday',20,'02/12/2024-08/12/2024'),(1344,3,4,7,'','Friday',20,'02/12/2024-08/12/2024'),(1345,3,4,7,'','Saturday',20,'02/12/2024-08/12/2024'),(1346,4,5,2,'','Monday',20,'02/12/2024-08/12/2024'),(1347,4,5,2,'','Tuesday',20,'02/12/2024-08/12/2024'),(1348,4,5,2,'','Wednesday',20,'02/12/2024-08/12/2024'),(1349,4,5,2,'','Thursday',20,'02/12/2024-08/12/2024'),(1350,4,5,2,'','Friday',20,'02/12/2024-08/12/2024'),(1351,4,5,2,'','Saturday',20,'02/12/2024-08/12/2024'),(1352,5,9,1,'','Monday',20,'02/12/2024-08/12/2024'),(1353,5,9,1,'','Tuesday',20,'02/12/2024-08/12/2024'),(1354,5,9,1,'','Wednesday',20,'02/12/2024-08/12/2024'),(1355,5,9,1,'','Thursday',20,'02/12/2024-08/12/2024'),(1356,5,9,1,'','Friday',20,'02/12/2024-08/12/2024'),(1357,5,9,1,'','Saturday',20,'02/12/2024-08/12/2024'),(1358,6,10,7,'','Monday',20,'02/12/2024-08/12/2024'),(1359,6,10,7,'','Tuesday',20,'02/12/2024-08/12/2024'),(1360,6,10,7,'','Wednesday',20,'02/12/2024-08/12/2024'),(1361,6,10,7,'','Thursday',20,'02/12/2024-08/12/2024'),(1362,6,10,7,'','Friday',20,'02/12/2024-08/12/2024'),(1363,6,10,7,'','Saturday',20,'02/12/2024-08/12/2024'),(1364,7,11,7,'','Monday',20,'02/12/2024-08/12/2024'),(1365,7,14,7,'','Tuesday',20,'02/12/2024-08/12/2024'),(1366,7,11,7,'','Wednesday',20,'02/12/2024-08/12/2024'),(1367,7,14,7,'','Thursday',20,'02/12/2024-08/12/2024'),(1368,7,11,7,'','Friday',20,'02/12/2024-08/12/2024'),(1369,7,14,7,'','Saturday',20,'02/12/2024-08/12/2024'),(1370,8,15,6,'','Monday',20,'02/12/2024-08/12/2024'),(1371,8,17,6,'','Tuesday',20,'02/12/2024-08/12/2024'),(1372,8,15,6,'','Wednesday',20,'02/12/2024-08/12/2024'),(1373,8,17,6,'','Thursday',20,'02/12/2024-08/12/2024'),(1374,8,15,6,'','Friday',20,'02/12/2024-08/12/2024'),(1375,8,17,6,'','Saturday',20,'02/12/2024-08/12/2024'),(1376,9,16,1,'','Monday',20,'02/12/2024-08/12/2024'),(1377,9,16,1,'','Tuesday',20,'02/12/2024-08/12/2024'),(1378,9,16,1,'','Wednesday',20,'02/12/2024-08/12/2024'),(1379,9,16,1,'','Thursday',20,'02/12/2024-08/12/2024'),(1380,9,16,1,'','Friday',20,'02/12/2024-08/12/2024'),(1381,9,16,1,'','Saturday',20,'02/12/2024-08/12/2024'),(1382,10,12,5,'','Monday',20,'02/12/2024-08/12/2024'),(1383,10,7,4,'','Tuesday',20,'02/12/2024-08/12/2024'),(1384,10,12,5,'','Wednesday',20,'02/12/2024-08/12/2024'),(1385,10,7,4,'','Thursday',20,'02/12/2024-08/12/2024'),(1386,10,12,5,'','Friday',20,'02/12/2024-08/12/2024'),(1387,10,7,4,'','Saturday',20,'02/12/2024-08/12/2024'),(1388,11,1,1,'','Monday',20,'02/12/2024-08/12/2024'),(1389,11,1,1,'','Tuesday',20,'02/12/2024-08/12/2024'),(1390,11,1,1,'','Wednesday',20,'02/12/2024-08/12/2024'),(1391,11,1,1,'','Thursday',20,'02/12/2024-08/12/2024'),(1392,11,1,1,'','Friday',20,'02/12/2024-08/12/2024'),(1393,11,1,1,'','Saturday',20,'02/12/2024-08/12/2024'),(1394,1,2,1,'','Monday',20,'09/12/2024-15/12/2024'),(1395,1,2,1,'','Tuesday',20,'09/12/2024-15/12/2024'),(1396,1,2,1,'','Wednesday',20,'09/12/2024-15/12/2024'),(1397,1,2,1,'','Thursday',20,'09/12/2024-15/12/2024'),(1398,1,2,1,'','Friday',20,'09/12/2024-15/12/2024'),(1399,1,2,1,'','Saturday',20,'09/12/2024-15/12/2024'),(1400,2,3,1,'','Monday',20,'09/12/2024-15/12/2024'),(1401,2,3,1,'','Tuesday',20,'09/12/2024-15/12/2024'),(1402,2,3,1,'','Wednesday',20,'09/12/2024-15/12/2024'),(1403,2,3,1,'','Thursday',20,'09/12/2024-15/12/2024'),(1404,2,3,1,'','Friday',20,'09/12/2024-15/12/2024'),(1405,2,3,1,'','Saturday',20,'09/12/2024-15/12/2024'),(1406,3,4,7,'','Monday',20,'09/12/2024-15/12/2024'),(1407,3,4,7,'','Tuesday',20,'09/12/2024-15/12/2024'),(1408,3,4,7,'','Wednesday',20,'09/12/2024-15/12/2024'),(1409,3,4,7,'','Thursday',20,'09/12/2024-15/12/2024'),(1410,3,4,7,'','Friday',20,'09/12/2024-15/12/2024'),(1411,3,4,7,'','Saturday',20,'09/12/2024-15/12/2024'),(1412,4,5,2,'','Monday',20,'09/12/2024-15/12/2024'),(1413,4,5,2,'','Tuesday',20,'09/12/2024-15/12/2024'),(1414,4,5,2,'','Wednesday',20,'09/12/2024-15/12/2024'),(1415,4,5,2,'','Thursday',20,'09/12/2024-15/12/2024'),(1416,4,5,2,'','Friday',20,'09/12/2024-15/12/2024'),(1417,4,5,2,'','Saturday',20,'09/12/2024-15/12/2024'),(1418,5,9,1,'','Monday',20,'09/12/2024-15/12/2024'),(1419,5,9,1,'','Tuesday',20,'09/12/2024-15/12/2024'),(1420,5,9,1,'','Wednesday',20,'09/12/2024-15/12/2024'),(1421,5,9,1,'','Thursday',20,'09/12/2024-15/12/2024'),(1422,5,9,1,'','Friday',20,'09/12/2024-15/12/2024'),(1423,5,9,1,'','Saturday',20,'09/12/2024-15/12/2024'),(1424,6,10,7,'','Monday',20,'09/12/2024-15/12/2024'),(1425,6,10,7,'','Tuesday',20,'09/12/2024-15/12/2024'),(1426,6,10,7,'','Wednesday',20,'09/12/2024-15/12/2024'),(1427,6,10,7,'','Thursday',20,'09/12/2024-15/12/2024'),(1428,6,10,7,'','Friday',20,'09/12/2024-15/12/2024'),(1429,6,10,7,'','Saturday',20,'09/12/2024-15/12/2024'),(1430,7,11,7,'','Monday',20,'09/12/2024-15/12/2024'),(1431,7,14,7,'','Tuesday',20,'09/12/2024-15/12/2024'),(1432,7,11,7,'','Wednesday',20,'09/12/2024-15/12/2024'),(1433,7,14,7,'','Thursday',20,'09/12/2024-15/12/2024'),(1434,7,11,7,'','Friday',20,'09/12/2024-15/12/2024'),(1435,7,14,7,'','Saturday',20,'09/12/2024-15/12/2024'),(1436,8,15,6,'','Monday',20,'09/12/2024-15/12/2024'),(1437,8,17,6,'','Tuesday',20,'09/12/2024-15/12/2024'),(1438,8,15,6,'','Wednesday',20,'09/12/2024-15/12/2024'),(1439,8,17,6,'','Thursday',20,'09/12/2024-15/12/2024'),(1440,8,15,6,'','Friday',20,'09/12/2024-15/12/2024'),(1441,8,17,6,'','Saturday',20,'09/12/2024-15/12/2024'),(1442,9,16,1,'','Monday',20,'09/12/2024-15/12/2024'),(1443,9,16,1,'','Tuesday',20,'09/12/2024-15/12/2024'),(1444,9,16,1,'','Wednesday',20,'09/12/2024-15/12/2024'),(1445,9,16,1,'','Thursday',20,'09/12/2024-15/12/2024'),(1446,9,16,1,'','Friday',20,'09/12/2024-15/12/2024'),(1447,9,16,1,'','Saturday',20,'09/12/2024-15/12/2024'),(1448,10,12,5,'','Monday',20,'09/12/2024-15/12/2024'),(1449,10,7,4,'','Tuesday',20,'09/12/2024-15/12/2024'),(1450,10,12,5,'','Wednesday',20,'09/12/2024-15/12/2024'),(1451,10,7,4,'','Thursday',20,'09/12/2024-15/12/2024'),(1452,10,12,5,'','Friday',20,'09/12/2024-15/12/2024'),(1453,10,7,4,'','Saturday',20,'09/12/2024-15/12/2024'),(1454,11,1,1,'','Monday',20,'09/12/2024-15/12/2024'),(1455,11,1,1,'','Tuesday',20,'09/12/2024-15/12/2024'),(1456,11,1,1,'','Wednesday',20,'09/12/2024-15/12/2024'),(1457,11,1,1,'','Thursday',20,'09/12/2024-15/12/2024'),(1458,11,1,1,'','Friday',20,'09/12/2024-15/12/2024'),(1459,11,1,1,'','Saturday',20,'09/12/2024-15/12/2024'),(1460,1,2,1,'','Monday',22,'18/11/2024-24/11/2024'),(1461,1,2,1,'','Tuesday',22,'18/11/2024-24/11/2024'),(1462,1,2,1,'','Wednesday',22,'18/11/2024-24/11/2024'),(1463,1,2,1,'','Thursday',22,'18/11/2024-24/11/2024'),(1464,1,2,1,'','Friday',22,'18/11/2024-24/11/2024'),(1465,1,2,1,'','Saturday',22,'18/11/2024-24/11/2024'),(1466,2,3,1,'','Monday',22,'18/11/2024-24/11/2024'),(1467,2,3,1,'','Tuesday',22,'18/11/2024-24/11/2024'),(1468,2,3,1,'','Wednesday',22,'18/11/2024-24/11/2024'),(1469,2,3,1,'','Thursday',22,'18/11/2024-24/11/2024'),(1470,2,3,1,'','Friday',22,'18/11/2024-24/11/2024'),(1471,2,3,1,'','Saturday',22,'18/11/2024-24/11/2024'),(1472,3,4,7,'','Monday',22,'18/11/2024-24/11/2024'),(1473,3,4,7,'','Tuesday',22,'18/11/2024-24/11/2024'),(1474,3,4,7,'','Wednesday',22,'18/11/2024-24/11/2024'),(1475,3,4,7,'','Thursday',22,'18/11/2024-24/11/2024'),(1476,3,4,7,'','Friday',22,'18/11/2024-24/11/2024'),(1477,3,4,7,'','Saturday',22,'18/11/2024-24/11/2024'),(1478,4,5,2,'','Monday',22,'18/11/2024-24/11/2024'),(1479,4,5,2,'','Tuesday',22,'18/11/2024-24/11/2024'),(1480,4,5,2,'','Wednesday',22,'18/11/2024-24/11/2024'),(1481,4,5,2,'','Thursday',22,'18/11/2024-24/11/2024'),(1482,4,5,2,'','Friday',22,'18/11/2024-24/11/2024'),(1483,4,5,2,'','Saturday',22,'18/11/2024-24/11/2024'),(1484,5,9,1,'','Monday',22,'18/11/2024-24/11/2024'),(1485,5,9,1,'','Tuesday',22,'18/11/2024-24/11/2024'),(1486,5,9,1,'','Wednesday',22,'18/11/2024-24/11/2024'),(1487,5,9,1,'','Thursday',22,'18/11/2024-24/11/2024'),(1488,5,9,1,'','Friday',22,'18/11/2024-24/11/2024'),(1489,5,9,1,'','Saturday',22,'18/11/2024-24/11/2024'),(1490,6,10,7,'','Monday',22,'18/11/2024-24/11/2024'),(1491,6,10,7,'','Tuesday',22,'18/11/2024-24/11/2024'),(1492,6,10,7,'','Wednesday',22,'18/11/2024-24/11/2024'),(1493,6,10,7,'','Thursday',22,'18/11/2024-24/11/2024'),(1494,6,10,7,'','Friday',22,'18/11/2024-24/11/2024'),(1495,6,10,7,'','Saturday',22,'18/11/2024-24/11/2024'),(1496,7,11,7,'','Monday',22,'18/11/2024-24/11/2024'),(1497,7,14,7,'','Tuesday',22,'18/11/2024-24/11/2024'),(1498,7,11,7,'','Wednesday',22,'18/11/2024-24/11/2024'),(1499,7,14,7,'','Thursday',22,'18/11/2024-24/11/2024'),(1500,7,11,7,'','Friday',22,'18/11/2024-24/11/2024'),(1501,7,14,7,'','Saturday',22,'18/11/2024-24/11/2024'),(1502,8,17,6,'','Monday',22,'18/11/2024-24/11/2024'),(1503,8,15,6,'','Tuesday',22,'18/11/2024-24/11/2024'),(1504,8,17,6,'','Wednesday',22,'18/11/2024-24/11/2024'),(1505,8,15,6,'','Thursday',22,'18/11/2024-24/11/2024'),(1506,8,17,6,'','Friday',22,'18/11/2024-24/11/2024'),(1507,8,15,6,'','Saturday',22,'18/11/2024-24/11/2024'),(1508,9,16,1,'','Monday',22,'18/11/2024-24/11/2024'),(1509,9,16,1,'','Tuesday',22,'18/11/2024-24/11/2024'),(1510,9,16,1,'','Wednesday',22,'18/11/2024-24/11/2024'),(1511,9,16,1,'','Thursday',22,'18/11/2024-24/11/2024'),(1512,9,16,1,'','Friday',22,'18/11/2024-24/11/2024'),(1513,9,16,1,'','Saturday',22,'18/11/2024-24/11/2024'),(1514,10,14,7,'','Monday',22,'18/11/2024-24/11/2024'),(1515,10,6,3,'','Tuesday',22,'18/11/2024-24/11/2024'),(1516,10,14,7,'','Wednesday',22,'18/11/2024-24/11/2024'),(1517,10,6,3,'','Thursday',22,'18/11/2024-24/11/2024'),(1518,10,14,7,'','Friday',22,'18/11/2024-24/11/2024'),(1519,10,6,3,'','Saturday',22,'18/11/2024-24/11/2024'),(1520,11,1,1,'','Monday',22,'18/11/2024-24/11/2024'),(1521,11,1,1,'','Tuesday',22,'18/11/2024-24/11/2024'),(1522,11,1,1,'','Wednesday',22,'18/11/2024-24/11/2024'),(1523,11,1,1,'','Thursday',22,'18/11/2024-24/11/2024'),(1524,11,1,1,'','Friday',22,'18/11/2024-24/11/2024'),(1525,11,1,1,'','Saturday',22,'18/11/2024-24/11/2024'),(1526,1,2,1,'','Monday',22,'25/11/2024-01/12/2024'),(1527,1,2,1,'','Tuesday',22,'25/11/2024-01/12/2024'),(1528,1,2,1,'','Wednesday',22,'25/11/2024-01/12/2024'),(1529,1,2,1,'','Thursday',22,'25/11/2024-01/12/2024'),(1530,1,2,1,'','Friday',22,'25/11/2024-01/12/2024'),(1531,1,2,1,'','Saturday',22,'25/11/2024-01/12/2024'),(1532,2,3,1,'','Monday',22,'25/11/2024-01/12/2024'),(1533,2,3,1,'','Tuesday',22,'25/11/2024-01/12/2024'),(1534,2,3,1,'','Wednesday',22,'25/11/2024-01/12/2024'),(1535,2,3,1,'','Thursday',22,'25/11/2024-01/12/2024'),(1536,2,3,1,'','Friday',22,'25/11/2024-01/12/2024'),(1537,2,3,1,'','Saturday',22,'25/11/2024-01/12/2024'),(1538,3,4,7,'','Monday',22,'25/11/2024-01/12/2024'),(1539,3,4,7,'','Tuesday',22,'25/11/2024-01/12/2024'),(1540,3,4,7,'','Wednesday',22,'25/11/2024-01/12/2024'),(1541,3,4,7,'','Thursday',22,'25/11/2024-01/12/2024'),(1542,3,4,7,'','Friday',22,'25/11/2024-01/12/2024'),(1543,3,4,7,'','Saturday',22,'25/11/2024-01/12/2024'),(1544,4,5,2,'','Monday',22,'25/11/2024-01/12/2024'),(1545,4,5,2,'','Tuesday',22,'25/11/2024-01/12/2024'),(1546,4,5,2,'','Wednesday',22,'25/11/2024-01/12/2024'),(1547,4,5,2,'','Thursday',22,'25/11/2024-01/12/2024'),(1548,4,5,2,'','Friday',22,'25/11/2024-01/12/2024'),(1549,4,5,2,'','Saturday',22,'25/11/2024-01/12/2024'),(1550,5,9,1,'','Monday',22,'25/11/2024-01/12/2024'),(1551,5,9,1,'','Tuesday',22,'25/11/2024-01/12/2024'),(1552,5,9,1,'','Wednesday',22,'25/11/2024-01/12/2024'),(1553,5,9,1,'','Thursday',22,'25/11/2024-01/12/2024'),(1554,5,9,1,'','Friday',22,'25/11/2024-01/12/2024'),(1555,5,9,1,'','Saturday',22,'25/11/2024-01/12/2024'),(1556,6,10,7,'','Monday',22,'25/11/2024-01/12/2024'),(1557,6,10,7,'','Tuesday',22,'25/11/2024-01/12/2024'),(1558,6,10,7,'','Wednesday',22,'25/11/2024-01/12/2024'),(1559,6,10,7,'','Thursday',22,'25/11/2024-01/12/2024'),(1560,6,10,7,'','Friday',22,'25/11/2024-01/12/2024'),(1561,6,10,7,'','Saturday',22,'25/11/2024-01/12/2024'),(1562,7,11,7,'','Monday',22,'25/11/2024-01/12/2024'),(1563,7,14,7,'','Tuesday',22,'25/11/2024-01/12/2024'),(1564,7,11,7,'','Wednesday',22,'25/11/2024-01/12/2024'),(1565,7,14,7,'','Thursday',22,'25/11/2024-01/12/2024'),(1566,7,11,7,'','Friday',22,'25/11/2024-01/12/2024'),(1567,7,14,7,'','Saturday',22,'25/11/2024-01/12/2024'),(1568,8,17,6,'','Monday',22,'25/11/2024-01/12/2024'),(1569,8,15,6,'','Tuesday',22,'25/11/2024-01/12/2024'),(1570,8,17,6,'','Wednesday',22,'25/11/2024-01/12/2024'),(1571,8,15,6,'','Thursday',22,'25/11/2024-01/12/2024'),(1572,8,17,6,'','Friday',22,'25/11/2024-01/12/2024'),(1573,8,15,6,'','Saturday',22,'25/11/2024-01/12/2024'),(1574,9,16,1,'','Monday',22,'25/11/2024-01/12/2024'),(1575,9,16,1,'','Tuesday',22,'25/11/2024-01/12/2024'),(1576,9,16,1,'','Wednesday',22,'25/11/2024-01/12/2024'),(1577,9,16,1,'','Thursday',22,'25/11/2024-01/12/2024'),(1578,9,16,1,'','Friday',22,'25/11/2024-01/12/2024'),(1579,9,16,1,'','Saturday',22,'25/11/2024-01/12/2024'),(1580,10,14,7,'','Monday',22,'25/11/2024-01/12/2024'),(1581,10,6,3,'','Tuesday',22,'25/11/2024-01/12/2024'),(1582,10,14,7,'','Wednesday',22,'25/11/2024-01/12/2024'),(1583,10,6,3,'','Thursday',22,'25/11/2024-01/12/2024'),(1584,10,14,7,'','Friday',22,'25/11/2024-01/12/2024'),(1585,10,6,3,'','Saturday',22,'25/11/2024-01/12/2024'),(1586,11,1,1,'','Monday',22,'25/11/2024-01/12/2024'),(1587,11,1,1,'','Tuesday',22,'25/11/2024-01/12/2024'),(1588,11,1,1,'','Wednesday',22,'25/11/2024-01/12/2024'),(1589,11,1,1,'','Thursday',22,'25/11/2024-01/12/2024'),(1590,11,1,1,'','Friday',22,'25/11/2024-01/12/2024'),(1591,11,1,1,'','Saturday',22,'25/11/2024-01/12/2024'),(1592,1,2,1,'','Monday',22,'02/12/2024-08/12/2024'),(1593,1,2,1,'','Tuesday',22,'02/12/2024-08/12/2024'),(1594,1,2,1,'','Wednesday',22,'02/12/2024-08/12/2024'),(1595,1,2,1,'','Thursday',22,'02/12/2024-08/12/2024'),(1596,1,2,1,'','Friday',22,'02/12/2024-08/12/2024'),(1597,1,2,1,'','Saturday',22,'02/12/2024-08/12/2024'),(1598,2,3,1,'','Monday',22,'02/12/2024-08/12/2024'),(1599,2,3,1,'','Tuesday',22,'02/12/2024-08/12/2024'),(1600,2,3,1,'','Wednesday',22,'02/12/2024-08/12/2024'),(1601,2,3,1,'','Thursday',22,'02/12/2024-08/12/2024'),(1602,2,3,1,'','Friday',22,'02/12/2024-08/12/2024'),(1603,2,3,1,'','Saturday',22,'02/12/2024-08/12/2024'),(1604,3,4,7,'','Monday',22,'02/12/2024-08/12/2024'),(1605,3,4,7,'','Tuesday',22,'02/12/2024-08/12/2024'),(1606,3,4,7,'','Wednesday',22,'02/12/2024-08/12/2024'),(1607,3,4,7,'','Thursday',22,'02/12/2024-08/12/2024'),(1608,3,4,7,'','Friday',22,'02/12/2024-08/12/2024'),(1609,3,4,7,'','Saturday',22,'02/12/2024-08/12/2024'),(1610,4,5,2,'','Monday',22,'02/12/2024-08/12/2024'),(1611,4,5,2,'','Tuesday',22,'02/12/2024-08/12/2024'),(1612,4,5,2,'','Wednesday',22,'02/12/2024-08/12/2024'),(1613,4,5,2,'','Thursday',22,'02/12/2024-08/12/2024'),(1614,4,5,2,'','Friday',22,'02/12/2024-08/12/2024'),(1615,4,5,2,'','Saturday',22,'02/12/2024-08/12/2024'),(1616,5,9,1,'','Monday',22,'02/12/2024-08/12/2024'),(1617,5,9,1,'','Tuesday',22,'02/12/2024-08/12/2024'),(1618,5,9,1,'','Wednesday',22,'02/12/2024-08/12/2024'),(1619,5,9,1,'','Thursday',22,'02/12/2024-08/12/2024'),(1620,5,9,1,'','Friday',22,'02/12/2024-08/12/2024'),(1621,5,9,1,'','Saturday',22,'02/12/2024-08/12/2024'),(1622,6,10,7,'','Monday',22,'02/12/2024-08/12/2024'),(1623,6,10,7,'','Tuesday',22,'02/12/2024-08/12/2024'),(1624,6,10,7,'','Wednesday',22,'02/12/2024-08/12/2024'),(1625,6,10,7,'','Thursday',22,'02/12/2024-08/12/2024'),(1626,6,10,7,'','Friday',22,'02/12/2024-08/12/2024'),(1627,6,10,7,'','Saturday',22,'02/12/2024-08/12/2024'),(1628,7,11,7,'','Monday',22,'02/12/2024-08/12/2024'),(1629,7,14,7,'','Tuesday',22,'02/12/2024-08/12/2024'),(1630,7,11,7,'','Wednesday',22,'02/12/2024-08/12/2024'),(1631,7,14,7,'','Thursday',22,'02/12/2024-08/12/2024'),(1632,7,11,7,'','Friday',22,'02/12/2024-08/12/2024'),(1633,7,14,7,'','Saturday',22,'02/12/2024-08/12/2024'),(1634,8,17,6,'','Monday',22,'02/12/2024-08/12/2024'),(1635,8,15,6,'','Tuesday',22,'02/12/2024-08/12/2024'),(1636,8,17,6,'','Wednesday',22,'02/12/2024-08/12/2024'),(1637,8,15,6,'','Thursday',22,'02/12/2024-08/12/2024'),(1638,8,17,6,'','Friday',22,'02/12/2024-08/12/2024'),(1639,8,15,6,'','Saturday',22,'02/12/2024-08/12/2024'),(1640,9,16,1,'','Monday',22,'02/12/2024-08/12/2024'),(1641,9,16,1,'','Tuesday',22,'02/12/2024-08/12/2024'),(1642,9,16,1,'','Wednesday',22,'02/12/2024-08/12/2024'),(1643,9,16,1,'','Thursday',22,'02/12/2024-08/12/2024'),(1644,9,16,1,'','Friday',22,'02/12/2024-08/12/2024'),(1645,9,16,1,'','Saturday',22,'02/12/2024-08/12/2024'),(1646,10,14,7,'','Monday',22,'02/12/2024-08/12/2024'),(1647,10,6,3,'','Tuesday',22,'02/12/2024-08/12/2024'),(1648,10,14,7,'','Wednesday',22,'02/12/2024-08/12/2024'),(1649,10,6,3,'','Thursday',22,'02/12/2024-08/12/2024'),(1650,10,14,7,'','Friday',22,'02/12/2024-08/12/2024'),(1651,10,6,3,'','Saturday',22,'02/12/2024-08/12/2024'),(1652,11,1,1,'','Monday',22,'02/12/2024-08/12/2024'),(1653,11,1,1,'','Tuesday',22,'02/12/2024-08/12/2024'),(1654,11,1,1,'','Wednesday',22,'02/12/2024-08/12/2024'),(1655,11,1,1,'','Thursday',22,'02/12/2024-08/12/2024'),(1656,11,1,1,'','Friday',22,'02/12/2024-08/12/2024'),(1657,11,1,1,'','Saturday',22,'02/12/2024-08/12/2024'),(1658,1,2,1,'','Monday',22,'09/12/2024-15/12/2024'),(1659,1,2,1,'','Tuesday',22,'09/12/2024-15/12/2024'),(1660,1,2,1,'','Wednesday',22,'09/12/2024-15/12/2024'),(1661,1,2,1,'','Thursday',22,'09/12/2024-15/12/2024'),(1662,1,2,1,'','Friday',22,'09/12/2024-15/12/2024'),(1663,1,2,1,'','Saturday',22,'09/12/2024-15/12/2024'),(1664,2,3,1,'','Monday',22,'09/12/2024-15/12/2024'),(1665,2,3,1,'','Tuesday',22,'09/12/2024-15/12/2024'),(1666,2,3,1,'','Wednesday',22,'09/12/2024-15/12/2024'),(1667,2,3,1,'','Thursday',22,'09/12/2024-15/12/2024'),(1668,2,3,1,'','Friday',22,'09/12/2024-15/12/2024'),(1669,2,3,1,'','Saturday',22,'09/12/2024-15/12/2024'),(1670,3,4,7,'','Monday',22,'09/12/2024-15/12/2024'),(1671,3,4,7,'','Tuesday',22,'09/12/2024-15/12/2024'),(1672,3,4,7,'','Wednesday',22,'09/12/2024-15/12/2024'),(1673,3,4,7,'','Thursday',22,'09/12/2024-15/12/2024'),(1674,3,4,7,'','Friday',22,'09/12/2024-15/12/2024'),(1675,3,4,7,'','Saturday',22,'09/12/2024-15/12/2024'),(1676,4,5,2,'','Monday',22,'09/12/2024-15/12/2024'),(1677,4,5,2,'','Tuesday',22,'09/12/2024-15/12/2024'),(1678,4,5,2,'','Wednesday',22,'09/12/2024-15/12/2024'),(1679,4,5,2,'','Thursday',22,'09/12/2024-15/12/2024'),(1680,4,5,2,'','Friday',22,'09/12/2024-15/12/2024'),(1681,4,5,2,'','Saturday',22,'09/12/2024-15/12/2024'),(1682,5,9,1,'','Monday',22,'09/12/2024-15/12/2024'),(1683,5,9,1,'','Tuesday',22,'09/12/2024-15/12/2024'),(1684,5,9,1,'','Wednesday',22,'09/12/2024-15/12/2024'),(1685,5,9,1,'','Thursday',22,'09/12/2024-15/12/2024'),(1686,5,9,1,'','Friday',22,'09/12/2024-15/12/2024'),(1687,5,9,1,'','Saturday',22,'09/12/2024-15/12/2024'),(1688,6,10,7,'','Monday',22,'09/12/2024-15/12/2024'),(1689,6,10,7,'','Tuesday',22,'09/12/2024-15/12/2024'),(1690,6,10,7,'','Wednesday',22,'09/12/2024-15/12/2024'),(1691,6,10,7,'','Thursday',22,'09/12/2024-15/12/2024'),(1692,6,10,7,'','Friday',22,'09/12/2024-15/12/2024'),(1693,6,10,7,'','Saturday',22,'09/12/2024-15/12/2024'),(1694,7,11,7,'','Monday',22,'09/12/2024-15/12/2024'),(1695,7,14,7,'','Tuesday',22,'09/12/2024-15/12/2024'),(1696,7,11,7,'','Wednesday',22,'09/12/2024-15/12/2024'),(1697,7,14,7,'','Thursday',22,'09/12/2024-15/12/2024'),(1698,7,11,7,'','Friday',22,'09/12/2024-15/12/2024'),(1699,7,14,7,'','Saturday',22,'09/12/2024-15/12/2024'),(1700,8,17,6,'','Monday',22,'09/12/2024-15/12/2024'),(1701,8,15,6,'','Tuesday',22,'09/12/2024-15/12/2024'),(1702,8,17,6,'','Wednesday',22,'09/12/2024-15/12/2024'),(1703,8,15,6,'','Thursday',22,'09/12/2024-15/12/2024'),(1704,8,17,6,'','Friday',22,'09/12/2024-15/12/2024'),(1705,8,15,6,'','Saturday',22,'09/12/2024-15/12/2024'),(1706,9,16,1,'','Monday',22,'09/12/2024-15/12/2024'),(1707,9,16,1,'','Tuesday',22,'09/12/2024-15/12/2024'),(1708,9,16,1,'','Wednesday',22,'09/12/2024-15/12/2024'),(1709,9,16,1,'','Thursday',22,'09/12/2024-15/12/2024'),(1710,9,16,1,'','Friday',22,'09/12/2024-15/12/2024'),(1711,9,16,1,'','Saturday',22,'09/12/2024-15/12/2024'),(1712,10,14,7,'','Monday',22,'09/12/2024-15/12/2024'),(1713,10,6,3,'','Tuesday',22,'09/12/2024-15/12/2024'),(1714,10,14,7,'','Wednesday',22,'09/12/2024-15/12/2024'),(1715,10,6,3,'','Thursday',22,'09/12/2024-15/12/2024'),(1716,10,14,7,'','Friday',22,'09/12/2024-15/12/2024'),(1717,10,6,3,'','Saturday',22,'09/12/2024-15/12/2024'),(1718,11,1,1,'','Monday',22,'09/12/2024-15/12/2024'),(1719,11,1,1,'','Tuesday',22,'09/12/2024-15/12/2024'),(1720,11,1,1,'','Wednesday',22,'09/12/2024-15/12/2024'),(1721,11,1,1,'','Thursday',22,'09/12/2024-15/12/2024'),(1722,11,1,1,'','Friday',22,'09/12/2024-15/12/2024'),(1723,11,1,1,'','Saturday',22,'09/12/2024-15/12/2024'),(1724,1,2,1,'','Monday',23,'18/11/2024-24/11/2024'),(1725,1,2,1,'','Tuesday',23,'18/11/2024-24/11/2024'),(1726,1,2,1,'','Wednesday',23,'18/11/2024-24/11/2024'),(1727,1,2,1,'','Thursday',23,'18/11/2024-24/11/2024'),(1728,1,2,1,'','Friday',23,'18/11/2024-24/11/2024'),(1729,1,2,1,'','Saturday',23,'18/11/2024-24/11/2024'),(1730,2,3,1,'','Monday',23,'18/11/2024-24/11/2024'),(1731,2,3,1,'','Tuesday',23,'18/11/2024-24/11/2024'),(1732,2,3,1,'','Wednesday',23,'18/11/2024-24/11/2024'),(1733,2,3,1,'','Thursday',23,'18/11/2024-24/11/2024'),(1734,2,3,1,'','Friday',23,'18/11/2024-24/11/2024'),(1735,2,3,1,'','Saturday',23,'18/11/2024-24/11/2024'),(1736,3,4,7,'','Monday',23,'18/11/2024-24/11/2024'),(1737,3,4,7,'','Tuesday',23,'18/11/2024-24/11/2024'),(1738,3,4,7,'','Wednesday',23,'18/11/2024-24/11/2024'),(1739,3,4,7,'','Thursday',23,'18/11/2024-24/11/2024'),(1740,3,4,7,'','Friday',23,'18/11/2024-24/11/2024'),(1741,3,4,7,'','Saturday',23,'18/11/2024-24/11/2024'),(1742,4,5,2,'','Monday',23,'18/11/2024-24/11/2024'),(1743,4,5,2,'','Tuesday',23,'18/11/2024-24/11/2024'),(1744,4,5,2,'','Wednesday',23,'18/11/2024-24/11/2024'),(1745,4,5,2,'','Thursday',23,'18/11/2024-24/11/2024'),(1746,4,5,2,'','Friday',23,'18/11/2024-24/11/2024'),(1747,4,5,2,'','Saturday',23,'18/11/2024-24/11/2024'),(1748,5,9,1,'','Monday',23,'18/11/2024-24/11/2024'),(1749,5,9,1,'','Tuesday',23,'18/11/2024-24/11/2024'),(1750,5,9,1,'','Wednesday',23,'18/11/2024-24/11/2024'),(1751,5,9,1,'','Thursday',23,'18/11/2024-24/11/2024'),(1752,5,9,1,'','Friday',23,'18/11/2024-24/11/2024'),(1753,5,9,1,'','Saturday',23,'18/11/2024-24/11/2024'),(1754,6,10,7,'','Monday',23,'18/11/2024-24/11/2024'),(1755,6,10,7,'','Tuesday',23,'18/11/2024-24/11/2024'),(1756,6,10,7,'','Wednesday',23,'18/11/2024-24/11/2024'),(1757,6,10,7,'','Thursday',23,'18/11/2024-24/11/2024'),(1758,6,10,7,'','Friday',23,'18/11/2024-24/11/2024'),(1759,6,10,7,'','Saturday',23,'18/11/2024-24/11/2024'),(1760,7,11,7,'','Monday',23,'18/11/2024-24/11/2024'),(1761,7,14,7,'','Tuesday',23,'18/11/2024-24/11/2024'),(1762,7,11,7,'','Wednesday',23,'18/11/2024-24/11/2024'),(1763,7,14,7,'','Thursday',23,'18/11/2024-24/11/2024'),(1764,7,11,7,'','Friday',23,'18/11/2024-24/11/2024'),(1765,7,14,7,'','Saturday',23,'18/11/2024-24/11/2024'),(1766,8,17,6,'','Monday',23,'18/11/2024-24/11/2024'),(1767,8,15,6,'','Tuesday',23,'18/11/2024-24/11/2024'),(1768,8,17,6,'','Wednesday',23,'18/11/2024-24/11/2024'),(1769,8,15,6,'','Thursday',23,'18/11/2024-24/11/2024'),(1770,8,17,6,'','Friday',23,'18/11/2024-24/11/2024'),(1771,8,15,6,'','Saturday',23,'18/11/2024-24/11/2024'),(1772,9,16,1,'','Monday',23,'18/11/2024-24/11/2024'),(1773,9,16,1,'','Tuesday',23,'18/11/2024-24/11/2024'),(1774,9,16,1,'','Wednesday',23,'18/11/2024-24/11/2024'),(1775,9,16,1,'','Thursday',23,'18/11/2024-24/11/2024'),(1776,9,16,1,'','Friday',23,'18/11/2024-24/11/2024'),(1777,9,16,1,'','Saturday',23,'18/11/2024-24/11/2024'),(1778,10,14,7,'','Monday',23,'18/11/2024-24/11/2024'),(1779,10,6,3,'','Tuesday',23,'18/11/2024-24/11/2024'),(1780,10,14,7,'','Wednesday',23,'18/11/2024-24/11/2024'),(1781,10,6,3,'','Thursday',23,'18/11/2024-24/11/2024'),(1782,10,14,7,'','Friday',23,'18/11/2024-24/11/2024'),(1783,10,6,3,'','Saturday',23,'18/11/2024-24/11/2024'),(1784,11,1,1,'','Monday',23,'18/11/2024-24/11/2024'),(1785,11,1,1,'','Tuesday',23,'18/11/2024-24/11/2024'),(1786,11,1,1,'','Wednesday',23,'18/11/2024-24/11/2024'),(1787,11,1,1,'','Thursday',23,'18/11/2024-24/11/2024'),(1788,11,1,1,'','Friday',23,'18/11/2024-24/11/2024'),(1789,11,1,1,'','Saturday',23,'18/11/2024-24/11/2024'),(1790,1,2,1,'','Monday',23,'25/11/2024-01/12/2024'),(1791,1,2,1,'','Tuesday',23,'25/11/2024-01/12/2024'),(1792,1,2,1,'','Wednesday',23,'25/11/2024-01/12/2024'),(1793,1,2,1,'','Thursday',23,'25/11/2024-01/12/2024'),(1794,1,2,1,'','Friday',23,'25/11/2024-01/12/2024'),(1795,1,2,1,'','Saturday',23,'25/11/2024-01/12/2024'),(1796,2,3,1,'','Monday',23,'25/11/2024-01/12/2024'),(1797,2,3,1,'','Tuesday',23,'25/11/2024-01/12/2024'),(1798,2,3,1,'','Wednesday',23,'25/11/2024-01/12/2024'),(1799,2,3,1,'','Thursday',23,'25/11/2024-01/12/2024'),(1800,2,3,1,'','Friday',23,'25/11/2024-01/12/2024'),(1801,2,3,1,'','Saturday',23,'25/11/2024-01/12/2024'),(1802,3,4,7,'','Monday',23,'25/11/2024-01/12/2024'),(1803,3,4,7,'','Tuesday',23,'25/11/2024-01/12/2024'),(1804,3,4,7,'','Wednesday',23,'25/11/2024-01/12/2024'),(1805,3,4,7,'','Thursday',23,'25/11/2024-01/12/2024'),(1806,3,4,7,'','Friday',23,'25/11/2024-01/12/2024'),(1807,3,4,7,'','Saturday',23,'25/11/2024-01/12/2024'),(1808,4,5,2,'','Monday',23,'25/11/2024-01/12/2024'),(1809,4,5,2,'','Tuesday',23,'25/11/2024-01/12/2024'),(1810,4,5,2,'','Wednesday',23,'25/11/2024-01/12/2024'),(1811,4,5,2,'','Thursday',23,'25/11/2024-01/12/2024'),(1812,4,5,2,'','Friday',23,'25/11/2024-01/12/2024'),(1813,4,5,2,'','Saturday',23,'25/11/2024-01/12/2024'),(1814,5,9,1,'','Monday',23,'25/11/2024-01/12/2024'),(1815,5,9,1,'','Tuesday',23,'25/11/2024-01/12/2024'),(1816,5,9,1,'','Wednesday',23,'25/11/2024-01/12/2024'),(1817,5,9,1,'','Thursday',23,'25/11/2024-01/12/2024'),(1818,5,9,1,'','Friday',23,'25/11/2024-01/12/2024'),(1819,5,9,1,'','Saturday',23,'25/11/2024-01/12/2024'),(1820,6,10,7,'','Monday',23,'25/11/2024-01/12/2024'),(1821,6,10,7,'','Tuesday',23,'25/11/2024-01/12/2024'),(1822,6,10,7,'','Wednesday',23,'25/11/2024-01/12/2024'),(1823,6,10,7,'','Thursday',23,'25/11/2024-01/12/2024'),(1824,6,10,7,'','Friday',23,'25/11/2024-01/12/2024'),(1825,6,10,7,'','Saturday',23,'25/11/2024-01/12/2024'),(1826,7,11,7,'','Monday',23,'25/11/2024-01/12/2024'),(1827,7,14,7,'','Tuesday',23,'25/11/2024-01/12/2024'),(1828,7,11,7,'','Wednesday',23,'25/11/2024-01/12/2024'),(1829,7,14,7,'','Thursday',23,'25/11/2024-01/12/2024'),(1830,7,11,7,'','Friday',23,'25/11/2024-01/12/2024'),(1831,7,14,7,'','Saturday',23,'25/11/2024-01/12/2024'),(1832,8,17,6,'','Monday',23,'25/11/2024-01/12/2024'),(1833,8,15,6,'','Tuesday',23,'25/11/2024-01/12/2024'),(1834,8,17,6,'','Wednesday',23,'25/11/2024-01/12/2024'),(1835,8,15,6,'','Thursday',23,'25/11/2024-01/12/2024'),(1836,8,17,6,'','Friday',23,'25/11/2024-01/12/2024'),(1837,8,15,6,'','Saturday',23,'25/11/2024-01/12/2024'),(1838,9,16,1,'','Monday',23,'25/11/2024-01/12/2024'),(1839,9,16,1,'','Tuesday',23,'25/11/2024-01/12/2024'),(1840,9,16,1,'','Wednesday',23,'25/11/2024-01/12/2024'),(1841,9,16,1,'','Thursday',23,'25/11/2024-01/12/2024'),(1842,9,16,1,'','Friday',23,'25/11/2024-01/12/2024'),(1843,9,16,1,'','Saturday',23,'25/11/2024-01/12/2024'),(1844,10,14,7,'','Monday',23,'25/11/2024-01/12/2024'),(1845,10,6,3,'','Tuesday',23,'25/11/2024-01/12/2024'),(1846,10,14,7,'','Wednesday',23,'25/11/2024-01/12/2024'),(1847,10,6,3,'','Thursday',23,'25/11/2024-01/12/2024'),(1848,10,14,7,'','Friday',23,'25/11/2024-01/12/2024'),(1849,10,6,3,'','Saturday',23,'25/11/2024-01/12/2024'),(1850,11,1,1,'','Monday',23,'25/11/2024-01/12/2024'),(1851,11,1,1,'','Tuesday',23,'25/11/2024-01/12/2024'),(1852,11,1,1,'','Wednesday',23,'25/11/2024-01/12/2024'),(1853,11,1,1,'','Thursday',23,'25/11/2024-01/12/2024'),(1854,11,1,1,'','Friday',23,'25/11/2024-01/12/2024'),(1855,11,1,1,'','Saturday',23,'25/11/2024-01/12/2024'),(1856,1,2,1,'','Monday',23,'02/12/2024-08/12/2024'),(1857,1,2,1,'','Tuesday',23,'02/12/2024-08/12/2024'),(1858,1,2,1,'','Wednesday',23,'02/12/2024-08/12/2024'),(1859,1,2,1,'','Thursday',23,'02/12/2024-08/12/2024'),(1860,1,2,1,'','Friday',23,'02/12/2024-08/12/2024'),(1861,1,2,1,'','Saturday',23,'02/12/2024-08/12/2024'),(1862,2,3,1,'','Monday',23,'02/12/2024-08/12/2024'),(1863,2,3,1,'','Tuesday',23,'02/12/2024-08/12/2024'),(1864,2,3,1,'','Wednesday',23,'02/12/2024-08/12/2024'),(1865,2,3,1,'','Thursday',23,'02/12/2024-08/12/2024'),(1866,2,3,1,'','Friday',23,'02/12/2024-08/12/2024'),(1867,2,3,1,'','Saturday',23,'02/12/2024-08/12/2024'),(1868,3,4,7,'','Monday',23,'02/12/2024-08/12/2024'),(1869,3,4,7,'','Tuesday',23,'02/12/2024-08/12/2024'),(1870,3,4,7,'','Wednesday',23,'02/12/2024-08/12/2024'),(1871,3,4,7,'','Thursday',23,'02/12/2024-08/12/2024'),(1872,3,4,7,'','Friday',23,'02/12/2024-08/12/2024'),(1873,3,4,7,'','Saturday',23,'02/12/2024-08/12/2024'),(1874,4,5,2,'','Monday',23,'02/12/2024-08/12/2024'),(1875,4,5,2,'','Tuesday',23,'02/12/2024-08/12/2024'),(1876,4,5,2,'','Wednesday',23,'02/12/2024-08/12/2024'),(1877,4,5,2,'','Thursday',23,'02/12/2024-08/12/2024'),(1878,4,5,2,'','Friday',23,'02/12/2024-08/12/2024'),(1879,4,5,2,'','Saturday',23,'02/12/2024-08/12/2024'),(1880,5,9,1,'','Monday',23,'02/12/2024-08/12/2024'),(1881,5,9,1,'','Tuesday',23,'02/12/2024-08/12/2024'),(1882,5,9,1,'','Wednesday',23,'02/12/2024-08/12/2024'),(1883,5,9,1,'','Thursday',23,'02/12/2024-08/12/2024'),(1884,5,9,1,'','Friday',23,'02/12/2024-08/12/2024'),(1885,5,9,1,'','Saturday',23,'02/12/2024-08/12/2024'),(1886,6,10,7,'','Monday',23,'02/12/2024-08/12/2024'),(1887,6,10,7,'','Tuesday',23,'02/12/2024-08/12/2024'),(1888,6,10,7,'','Wednesday',23,'02/12/2024-08/12/2024'),(1889,6,10,7,'','Thursday',23,'02/12/2024-08/12/2024'),(1890,6,10,7,'','Friday',23,'02/12/2024-08/12/2024'),(1891,6,10,7,'','Saturday',23,'02/12/2024-08/12/2024'),(1892,7,11,7,'','Monday',23,'02/12/2024-08/12/2024'),(1893,7,14,7,'','Tuesday',23,'02/12/2024-08/12/2024'),(1894,7,11,7,'','Wednesday',23,'02/12/2024-08/12/2024'),(1895,7,14,7,'','Thursday',23,'02/12/2024-08/12/2024'),(1896,7,11,7,'','Friday',23,'02/12/2024-08/12/2024'),(1897,7,14,7,'','Saturday',23,'02/12/2024-08/12/2024'),(1898,8,17,6,'','Monday',23,'02/12/2024-08/12/2024'),(1899,8,15,6,'','Tuesday',23,'02/12/2024-08/12/2024'),(1900,8,17,6,'','Wednesday',23,'02/12/2024-08/12/2024'),(1901,8,15,6,'','Thursday',23,'02/12/2024-08/12/2024'),(1902,8,17,6,'','Friday',23,'02/12/2024-08/12/2024'),(1903,8,15,6,'','Saturday',23,'02/12/2024-08/12/2024'),(1904,9,16,1,'','Monday',23,'02/12/2024-08/12/2024'),(1905,9,16,1,'','Tuesday',23,'02/12/2024-08/12/2024'),(1906,9,16,1,'','Wednesday',23,'02/12/2024-08/12/2024'),(1907,9,16,1,'','Thursday',23,'02/12/2024-08/12/2024'),(1908,9,16,1,'','Friday',23,'02/12/2024-08/12/2024'),(1909,9,16,1,'','Saturday',23,'02/12/2024-08/12/2024'),(1910,10,14,7,'','Monday',23,'02/12/2024-08/12/2024'),(1911,10,6,3,'','Tuesday',23,'02/12/2024-08/12/2024'),(1912,10,14,7,'','Wednesday',23,'02/12/2024-08/12/2024'),(1913,10,6,3,'','Thursday',23,'02/12/2024-08/12/2024'),(1914,10,14,7,'','Friday',23,'02/12/2024-08/12/2024'),(1915,10,6,3,'','Saturday',23,'02/12/2024-08/12/2024'),(1916,11,1,1,'','Monday',23,'02/12/2024-08/12/2024'),(1917,11,1,1,'','Tuesday',23,'02/12/2024-08/12/2024'),(1918,11,1,1,'','Wednesday',23,'02/12/2024-08/12/2024'),(1919,11,1,1,'','Thursday',23,'02/12/2024-08/12/2024'),(1920,11,1,1,'','Friday',23,'02/12/2024-08/12/2024'),(1921,11,1,1,'','Saturday',23,'02/12/2024-08/12/2024'),(1922,1,2,1,'','Monday',23,'09/12/2024-15/12/2024'),(1923,1,2,1,'','Tuesday',23,'09/12/2024-15/12/2024'),(1924,1,2,1,'','Wednesday',23,'09/12/2024-15/12/2024'),(1925,1,2,1,'','Thursday',23,'09/12/2024-15/12/2024'),(1926,1,2,1,'','Friday',23,'09/12/2024-15/12/2024'),(1927,1,2,1,'','Saturday',23,'09/12/2024-15/12/2024'),(1928,2,3,1,'','Monday',23,'09/12/2024-15/12/2024'),(1929,2,3,1,'','Tuesday',23,'09/12/2024-15/12/2024'),(1930,2,3,1,'','Wednesday',23,'09/12/2024-15/12/2024'),(1931,2,3,1,'','Thursday',23,'09/12/2024-15/12/2024'),(1932,2,3,1,'','Friday',23,'09/12/2024-15/12/2024'),(1933,2,3,1,'','Saturday',23,'09/12/2024-15/12/2024'),(1934,3,4,7,'','Monday',23,'09/12/2024-15/12/2024'),(1935,3,4,7,'','Tuesday',23,'09/12/2024-15/12/2024'),(1936,3,4,7,'','Wednesday',23,'09/12/2024-15/12/2024'),(1937,3,4,7,'','Thursday',23,'09/12/2024-15/12/2024'),(1938,3,4,7,'','Friday',23,'09/12/2024-15/12/2024'),(1939,3,4,7,'','Saturday',23,'09/12/2024-15/12/2024'),(1940,4,5,2,'','Monday',23,'09/12/2024-15/12/2024'),(1941,4,5,2,'','Tuesday',23,'09/12/2024-15/12/2024'),(1942,4,5,2,'','Wednesday',23,'09/12/2024-15/12/2024'),(1943,4,5,2,'','Thursday',23,'09/12/2024-15/12/2024'),(1944,4,5,2,'','Friday',23,'09/12/2024-15/12/2024'),(1945,4,5,2,'','Saturday',23,'09/12/2024-15/12/2024'),(1946,5,9,1,'','Monday',23,'09/12/2024-15/12/2024'),(1947,5,9,1,'','Tuesday',23,'09/12/2024-15/12/2024'),(1948,5,9,1,'','Wednesday',23,'09/12/2024-15/12/2024'),(1949,5,9,1,'','Thursday',23,'09/12/2024-15/12/2024'),(1950,5,9,1,'','Friday',23,'09/12/2024-15/12/2024'),(1951,5,9,1,'','Saturday',23,'09/12/2024-15/12/2024'),(1952,6,10,7,'','Monday',23,'09/12/2024-15/12/2024'),(1953,6,10,7,'','Tuesday',23,'09/12/2024-15/12/2024'),(1954,6,10,7,'','Wednesday',23,'09/12/2024-15/12/2024'),(1955,6,10,7,'','Thursday',23,'09/12/2024-15/12/2024'),(1956,6,10,7,'','Friday',23,'09/12/2024-15/12/2024'),(1957,6,10,7,'','Saturday',23,'09/12/2024-15/12/2024'),(1958,7,11,7,'','Monday',23,'09/12/2024-15/12/2024'),(1959,7,14,7,'','Tuesday',23,'09/12/2024-15/12/2024'),(1960,7,11,7,'','Wednesday',23,'09/12/2024-15/12/2024'),(1961,7,14,7,'','Thursday',23,'09/12/2024-15/12/2024'),(1962,7,11,7,'','Friday',23,'09/12/2024-15/12/2024'),(1963,7,14,7,'','Saturday',23,'09/12/2024-15/12/2024'),(1964,8,17,6,'','Monday',23,'09/12/2024-15/12/2024'),(1965,8,15,6,'','Tuesday',23,'09/12/2024-15/12/2024'),(1966,8,17,6,'','Wednesday',23,'09/12/2024-15/12/2024'),(1967,8,15,6,'','Thursday',23,'09/12/2024-15/12/2024'),(1968,8,17,6,'','Friday',23,'09/12/2024-15/12/2024'),(1969,8,15,6,'','Saturday',23,'09/12/2024-15/12/2024'),(1970,9,16,1,'','Monday',23,'09/12/2024-15/12/2024'),(1971,9,16,1,'','Tuesday',23,'09/12/2024-15/12/2024'),(1972,9,16,1,'','Wednesday',23,'09/12/2024-15/12/2024'),(1973,9,16,1,'','Thursday',23,'09/12/2024-15/12/2024'),(1974,9,16,1,'','Friday',23,'09/12/2024-15/12/2024'),(1975,9,16,1,'','Saturday',23,'09/12/2024-15/12/2024'),(1976,10,14,7,'','Monday',23,'09/12/2024-15/12/2024'),(1977,10,6,3,'','Tuesday',23,'09/12/2024-15/12/2024'),(1978,10,14,7,'','Wednesday',23,'09/12/2024-15/12/2024'),(1979,10,6,3,'','Thursday',23,'09/12/2024-15/12/2024'),(1980,10,14,7,'','Friday',23,'09/12/2024-15/12/2024'),(1981,10,6,3,'','Saturday',23,'09/12/2024-15/12/2024'),(1982,11,1,1,'','Monday',23,'09/12/2024-15/12/2024'),(1983,11,1,1,'','Tuesday',23,'09/12/2024-15/12/2024'),(1984,11,1,1,'','Wednesday',23,'09/12/2024-15/12/2024'),(1985,11,1,1,'','Thursday',23,'09/12/2024-15/12/2024'),(1986,11,1,1,'','Friday',23,'09/12/2024-15/12/2024'),(1987,11,1,1,'','Saturday',23,'09/12/2024-15/12/2024');
/*!40000 ALTER TABLE `scheduledetail` ENABLE KEYS */;
UNLOCK TABLES;

--
-- Table structure for table `school`
--

DROP TABLE IF EXISTS `school`;
/*!40101 SET @saved_cs_client     = @@character_set_client */;
/*!50503 SET character_set_client = utf8mb4 */;
CREATE TABLE `school` (
  `SchoolID` int NOT NULL AUTO_INCREMENT,
  `Address` varchar(45) DEFAULT NULL,
  `Phone` varchar(45) DEFAULT NULL,
  `Email` varchar(45) DEFAULT NULL,
  `SchoolDes` varchar(45) DEFAULT NULL,
  PRIMARY KEY (`SchoolID`)
) ENGINE=InnoDB AUTO_INCREMENT=102 DEFAULT CHARSET=utf8mb4 COLLATE=utf8mb4_0900_ai_ci;
/*!40101 SET character_set_client = @saved_cs_client */;

--
-- Dumping data for table `school`
--

LOCK TABLES `school` WRITE;
/*!40000 ALTER TABLE `school` DISABLE KEYS */;
INSERT INTO `school` VALUES (1,'Sakura','09772345678','Edunest@gmail.com',NULL);
/*!40000 ALTER TABLE `school` ENABLE KEYS */;
UNLOCK TABLES;

--
-- Table structure for table `semester`
--

DROP TABLE IF EXISTS `semester`;
/*!40101 SET @saved_cs_client     = @@character_set_client */;
/*!50503 SET character_set_client = utf8mb4 */;
CREATE TABLE `semester` (
  `SemesterID` int NOT NULL AUTO_INCREMENT,
  `Name` varchar(45) DEFAULT NULL,
  `Status` int DEFAULT NULL,
  `StartDate` datetime DEFAULT NULL,
  `EndDate` datetime DEFAULT NULL,
  PRIMARY KEY (`SemesterID`)
) ENGINE=InnoDB AUTO_INCREMENT=8 DEFAULT CHARSET=utf8mb4 COLLATE=utf8mb4_0900_ai_ci;
/*!40101 SET character_set_client = @saved_cs_client */;

--
-- Dumping data for table `semester`
--

LOCK TABLES `semester` WRITE;
/*!40000 ALTER TABLE `semester` DISABLE KEYS */;
INSERT INTO `semester` VALUES (7,'Year 2024-2025',1,'2024-09-05 09:27:42','2025-06-28 09:27:42');
/*!40000 ALTER TABLE `semester` ENABLE KEYS */;
UNLOCK TABLES;

--
-- Table structure for table `semesterreal`
--

DROP TABLE IF EXISTS `semesterreal`;
/*!40101 SET @saved_cs_client     = @@character_set_client */;
/*!50503 SET character_set_client = utf8mb4 */;
CREATE TABLE `semesterreal` (
  `semesterrealID` int NOT NULL AUTO_INCREMENT,
  `Name` varchar(45) DEFAULT NULL,
  `StartDate` datetime DEFAULT NULL,
  `EndDate` datetime DEFAULT NULL,
  `SemesterID` int DEFAULT NULL,
  PRIMARY KEY (`semesterrealID`),
  KEY `SemesterID_idx` (`SemesterID`),
  CONSTRAINT `SemesterID` FOREIGN KEY (`SemesterID`) REFERENCES `semester` (`SemesterID`)
) ENGINE=InnoDB AUTO_INCREMENT=4 DEFAULT CHARSET=utf8mb4 COLLATE=utf8mb4_0900_ai_ci;
/*!40101 SET character_set_client = @saved_cs_client */;

--
-- Dumping data for table `semesterreal`
--

LOCK TABLES `semesterreal` WRITE;
/*!40000 ALTER TABLE `semesterreal` DISABLE KEYS */;
INSERT INTO `semesterreal` VALUES (2,'Semester 1','2024-09-05 09:29:15','2025-01-10 09:29:15',7),(3,'Semester 2','2025-01-11 02:29:15','2025-06-27 09:29:15',7);
/*!40000 ALTER TABLE `semesterreal` ENABLE KEYS */;
UNLOCK TABLES;

--
-- Table structure for table `services`
--

DROP TABLE IF EXISTS `services`;
/*!40101 SET @saved_cs_client     = @@character_set_client */;
/*!50503 SET character_set_client = utf8mb4 */;
CREATE TABLE `services` (
  `ServiceID` int NOT NULL AUTO_INCREMENT,
  `ServiceName` varchar(45) DEFAULT NULL,
  `ServicePrice` decimal(10,0) DEFAULT NULL,
  `ServiceDes` varchar(45) DEFAULT NULL,
  `SchoolID` int NOT NULL,
  `CategoryServiceID` int NOT NULL,
  `Status` int DEFAULT NULL,
  PRIMARY KEY (`ServiceID`),
  KEY `fk_services_school1_idx` (`SchoolID`),
  KEY `fk_services_cagetoryservices1_idx` (`CategoryServiceID`),
  CONSTRAINT `fk_services_cagetoryservices1` FOREIGN KEY (`CategoryServiceID`) REFERENCES `cagetoryservices` (`CategoryServiceID`),
  CONSTRAINT `fk_services_school1` FOREIGN KEY (`SchoolID`) REFERENCES `school` (`SchoolID`)
) ENGINE=InnoDB AUTO_INCREMENT=7 DEFAULT CHARSET=utf8mb4 COLLATE=utf8mb4_0900_ai_ci;
/*!40101 SET character_set_client = @saved_cs_client */;

--
-- Dumping data for table `services`
--

LOCK TABLES `services` WRITE;
/*!40000 ALTER TABLE `services` DISABLE KEYS */;
INSERT INTO `services` VALUES (5,'BreakFast',30000,'Bua an sang cho tre',1,2,1),(6,'Late pick up',20000,'Late pick up children',1,2,1);
/*!40000 ALTER TABLE `services` ENABLE KEYS */;
UNLOCK TABLES;

--
-- Table structure for table `teacher`
--

DROP TABLE IF EXISTS `teacher`;
/*!40101 SET @saved_cs_client     = @@character_set_client */;
/*!50503 SET character_set_client = utf8mb4 */;
CREATE TABLE `teacher` (
  `TeacherID` int NOT NULL,
  `Name` varchar(45) DEFAULT NULL,
  `Education` varchar(255) DEFAULT NULL,
  `Experience` varchar(255) DEFAULT NULL,
  `Homeroom teacher` tinyint DEFAULT NULL,
  PRIMARY KEY (`TeacherID`),
  KEY `fk_Teacher_user1_idx` (`TeacherID`),
  CONSTRAINT `fk_Teacher_user1` FOREIGN KEY (`TeacherID`) REFERENCES `user` (`UserID`)
) ENGINE=InnoDB DEFAULT CHARSET=utf8mb4 COLLATE=utf8mb4_0900_ai_ci;
/*!40101 SET character_set_client = @saved_cs_client */;

--
-- Dumping data for table `teacher`
--

LOCK TABLES `teacher` WRITE;
/*!40000 ALTER TABLE `teacher` DISABLE KEYS */;
INSERT INTO `teacher` VALUES (48,'Đào Anh','Su Pham University','2 years ',0),(50,'Bách Hà ','Su Pham University','4 years',1),(51,'Bách Hoàng','Su Pham University','4 years',0),(52,'Hoang Tuấn Kiệt','Cao Đẳng Sư Phạm','3 years',1),(53,'Hoang Thi Hien','Cao Đẳng Sư Phạm','4 years',0),(55,'Nguyen Trung Hieu','Fpt University','6 years',0),(56,'Lâm Nghuyên','Su Pham University','4 years',0),(57,'Anh Hải','Su Pham University','2 years ',0),(58,'Dào Anh','Su Pham University','2 years ',0),(59,'Bách Thế','Su Pham University','4 years',0),(60,'Hoàng Anh','Fpt University','2 years ',0),(61,'Kiệt Lạc','Fpt University','4 years',0),(62,'Hải Đăng','Fpt University','2 years ',1),(63,'Bị Lưu','Fpt University','4 years',0),(64,'Hải Triều','Cao Đẳng Sư Phạm','2 years ',0),(65,'Đức Mạnh','Cao Đẳng Sư Phạm','2 years ',0),(66,'Quang Mạnh','Cao Đẳng Sư Phạm','4 years',0),(67,'Đỗ Anh','Cao Đẳng Sư Phạm','6 years',0);
/*!40000 ALTER TABLE `teacher` ENABLE KEYS */;
UNLOCK TABLES;

--
-- Table structure for table `teacher_has_class`
--

DROP TABLE IF EXISTS `teacher_has_class`;
/*!40101 SET @saved_cs_client     = @@character_set_client */;
/*!50503 SET character_set_client = utf8mb4 */;
CREATE TABLE `teacher_has_class` (
  `TeacherID` int NOT NULL,
  `ClassID` int NOT NULL,
  PRIMARY KEY (`TeacherID`,`ClassID`),
  KEY `fk_Teacher_has_class_class1_idx` (`ClassID`),
  KEY `fk_Teacher_has_class_Teacher1_idx` (`TeacherID`),
  CONSTRAINT `fk_Teacher_has_class_class1` FOREIGN KEY (`ClassID`) REFERENCES `class` (`ClassID`),
  CONSTRAINT `fk_Teacher_has_class_Teacher1` FOREIGN KEY (`TeacherID`) REFERENCES `teacher` (`TeacherID`)
) ENGINE=InnoDB DEFAULT CHARSET=utf8mb4 COLLATE=utf8mb4_0900_ai_ci;
/*!40101 SET character_set_client = @saved_cs_client */;

--
-- Dumping data for table `teacher_has_class`
--

LOCK TABLES `teacher_has_class` WRITE;
/*!40000 ALTER TABLE `teacher_has_class` DISABLE KEYS */;
INSERT INTO `teacher_has_class` VALUES (48,138),(50,138),(51,139),(52,139),(53,139),(55,140),(56,141),(57,141),(58,141),(59,141),(61,142),(60,143),(62,143),(64,144),(65,145),(66,145),(67,146);
/*!40000 ALTER TABLE `teacher_has_class` ENABLE KEYS */;
UNLOCK TABLES;

--
-- Table structure for table `time_slot`
--

DROP TABLE IF EXISTS `time_slot`;
/*!40101 SET @saved_cs_client     = @@character_set_client */;
/*!50503 SET character_set_client = utf8mb4 */;
CREATE TABLE `time_slot` (
  `TimeSlotID` int NOT NULL AUTO_INCREMENT,
  `TimeName` varchar(45) DEFAULT NULL,
  PRIMARY KEY (`TimeSlotID`)
) ENGINE=InnoDB AUTO_INCREMENT=12 DEFAULT CHARSET=utf8mb4 COLLATE=utf8mb4_0900_ai_ci;
/*!40101 SET character_set_client = @saved_cs_client */;

--
-- Dumping data for table `time_slot`
--

LOCK TABLES `time_slot` WRITE;
/*!40000 ALTER TABLE `time_slot` DISABLE KEYS */;
INSERT INTO `time_slot` VALUES (1,'07:00 - 08:00'),(2,'08:00 - 08:30'),(3,'08:30 - 10:30'),(4,'10:30 - 11:30'),(5,'11:30 - 12:00'),(6,'12:00 - 14:00'),(7,'14:00 - 14:30'),(8,'14:30 - 15:00'),(9,'15:00 - 15:30'),(10,'15:30 - 16:00'),(11,'16:00 - 17:00');
/*!40000 ALTER TABLE `time_slot` ENABLE KEYS */;
UNLOCK TABLES;

--
-- Table structure for table `token`
--

DROP TABLE IF EXISTS `token`;
/*!40101 SET @saved_cs_client     = @@character_set_client */;
/*!50503 SET character_set_client = utf8mb4 */;
CREATE TABLE `token` (
  `TokenID` int NOT NULL AUTO_INCREMENT,
  `AccessToken` varchar(512) DEFAULT NULL,
  `RefreshToken` varchar(512) DEFAULT NULL,
  `ExpiryDate` datetime DEFAULT NULL,
  `UserID` int NOT NULL,
  PRIMARY KEY (`TokenID`),
  KEY `fk_token_user1_idx` (`UserID`),
  CONSTRAINT `fk_token_user1` FOREIGN KEY (`UserID`) REFERENCES `user` (`UserID`)
) ENGINE=InnoDB AUTO_INCREMENT=228 DEFAULT CHARSET=utf8mb4 COLLATE=utf8mb4_0900_ai_ci;
/*!40101 SET character_set_client = @saved_cs_client */;

--
-- Dumping data for table `token`
--

LOCK TABLES `token` WRITE;
/*!40000 ALTER TABLE `token` DISABLE KEYS */;
INSERT INTO `token` VALUES (210,'eyJhbGciOiJIUzI1NiIsInR5cCI6IkpXVCJ9.eyJzdWIiOiI0NSIsImVtYWlsIjoiZG90dW5nbGFtMjAweHhAZ21haWwuY29tIiwiaHR0cDovL3NjaGVtYXMubWljcm9zb2Z0LmNvbS93cy8yMDA4LzA2L2lkZW50aXR5L2NsYWltcy9yb2xlIjoiNCIsImV4cCI6MTczMzk5MzkxNiwiaXNzIjoibG9jYWxob3N0IiwiYXVkIjoibG9jYWxob3N0In0.kmKR-DxuRKH3SUS61-CD-33sz-E9E-aesomFNmzqgHE','75facbb0-2b0a-4031-b2ca-29df5f04243b','2024-12-12 08:58:36',45),(211,'eyJhbGciOiJIUzI1NiIsInR5cCI6IkpXVCJ9.eyJzdWIiOiI0OSIsImVtYWlsIjoiYmFjaG5zaGUxNjEzMzNAZnB0LmVkdS52biIsImh0dHA6Ly9zY2hlbWFzLm1pY3Jvc29mdC5jb20vd3MvMjAwOC8wNi9pZGVudGl0eS9jbGFpbXMvcm9sZSI6IjMiLCJleHAiOjE3MzM5OTk2MTcsImlzcyI6ImxvY2FsaG9zdCIsImF1ZCI6ImxvY2FsaG9zdCJ9.NLCVl-PNN6W4u_cQSwU94-WuDVBr1Hl7NIpNqeNFoq8','7f6b71fb-d4f4-4404-8d41-1cb52b1851a1','2024-12-12 10:33:37',49),(212,'eyJhbGciOiJIUzI1NiIsInR5cCI6IkpXVCJ9.eyJzdWIiOiI1MCIsImVtYWlsIjoiYmFjaDEwYTEuaHlAZ21haWwuY29tIiwiaHR0cDovL3NjaGVtYXMubWljcm9zb2Z0LmNvbS93cy8yMDA4LzA2L2lkZW50aXR5L2NsYWltcy9yb2xlIjoiNSIsImV4cCI6MTczMzk5OTYzNSwiaXNzIjoibG9jYWxob3N0IiwiYXVkIjoibG9jYWxob3N0In0.GP5qs2IO08MQfiezWC1a0XH9iOgS4Uu7pvKp7EQkL7Y','1fb07ae2-4595-4121-b811-8bd2913a6390','2024-12-12 10:33:55',50),(213,'eyJhbGciOiJIUzI1NiIsInR5cCI6IkpXVCJ9.eyJzdWIiOiI0OSIsImVtYWlsIjoiYmFjaG5zaGUxNjEzMzNAZnB0LmVkdS52biIsImh0dHA6Ly9zY2hlbWFzLm1pY3Jvc29mdC5jb20vd3MvMjAwOC8wNi9pZGVudGl0eS9jbGFpbXMvcm9sZSI6IjMiLCJleHAiOjE3MzM5OTk2NjcsImlzcyI6ImxvY2FsaG9zdCIsImF1ZCI6ImxvY2FsaG9zdCJ9.PohXxkJ09Ke0g33Hje7wJZ2o7GOBIUQbPfGxmQX7egA','5fdd0d0f-0745-4e28-a7d0-deb86a558700','2024-12-12 10:34:28',49),(214,'eyJhbGciOiJIUzI1NiIsInR5cCI6IkpXVCJ9.eyJzdWIiOiI1MCIsImVtYWlsIjoiYmFjaDEwYTEuaHlAZ21haWwuY29tIiwiaHR0cDovL3NjaGVtYXMubWljcm9zb2Z0LmNvbS93cy8yMDA4LzA2L2lkZW50aXR5L2NsYWltcy9yb2xlIjoiNSIsImV4cCI6MTczNDAwMDM4NCwiaXNzIjoibG9jYWxob3N0IiwiYXVkIjoibG9jYWxob3N0In0.tIWlhoWG8LS9K5Rh9PbHEpj7oBIwQb9f6FYFfliSVYM','b6bc7f2c-ef66-4f6e-b12a-5cbf15a7810d','2024-12-12 10:46:24',50),(215,'eyJhbGciOiJIUzI1NiIsInR5cCI6IkpXVCJ9.eyJzdWIiOiI1MCIsImVtYWlsIjoiYmFjaDEwYTEuaHlAZ21haWwuY29tIiwiaHR0cDovL3NjaGVtYXMubWljcm9zb2Z0LmNvbS93cy8yMDA4LzA2L2lkZW50aXR5L2NsYWltcy9yb2xlIjoiNiIsImV4cCI6MTczNDAwMDUzNCwiaXNzIjoibG9jYWxob3N0IiwiYXVkIjoibG9jYWxob3N0In0.BaB1j2_Q53hEThGIFoV0hYf9n6eAfu5aMz5ol2KML9w','49777a5b-81b4-400c-9f8c-751e446207a7','2024-12-12 10:48:55',50),(216,'eyJhbGciOiJIUzI1NiIsInR5cCI6IkpXVCJ9.eyJzdWIiOiI0NCIsImVtYWlsIjoia2V0bzE0MTIwMDJAZ21haWwuY29tIiwiaHR0cDovL3NjaGVtYXMubWljcm9zb2Z0LmNvbS93cy8yMDA4LzA2L2lkZW50aXR5L2NsYWltcy9yb2xlIjoiMiIsImV4cCI6MTczNDAwODA4NiwiaXNzIjoibG9jYWxob3N0IiwiYXVkIjoibG9jYWxob3N0In0.mHvB0H9_qFY3Saqb-rgiEQ6V2SEaJfCdXeRyvmyM0cs','007fb20b-1fc7-4975-9017-3f8bf47507ee','2024-12-12 12:54:47',44),(217,'eyJhbGciOiJIUzI1NiIsInR5cCI6IkpXVCJ9.eyJzdWIiOiI0NCIsImVtYWlsIjoia2V0bzE0MTIwMDJAZ21haWwuY29tIiwiaHR0cDovL3NjaGVtYXMubWljcm9zb2Z0LmNvbS93cy8yMDA4LzA2L2lkZW50aXR5L2NsYWltcy9yb2xlIjoiMiIsImV4cCI6MTczNDAwODExMSwiaXNzIjoibG9jYWxob3N0IiwiYXVkIjoibG9jYWxob3N0In0.-o3Kkg_XtvpZZq-yDyiZQuZHT_e84IqJpy1-3hnmHX4','1d9081ba-3fd9-47a2-b072-47e2d0e6bf0a','2024-12-12 12:55:11',44),(218,'eyJhbGciOiJIUzI1NiIsInR5cCI6IkpXVCJ9.eyJzdWIiOiI0NiIsImVtYWlsIjoibGFtZHRoZTE2MzA4NUBmcHQuZWR1LnZuIiwiaHR0cDovL3NjaGVtYXMubWljcm9zb2Z0LmNvbS93cy8yMDA4LzA2L2lkZW50aXR5L2NsYWltcy9yb2xlIjoiMiIsImV4cCI6MTczNDAxMzQ4MSwiaXNzIjoibG9jYWxob3N0IiwiYXVkIjoibG9jYWxob3N0In0.ewRohjyXv_dS9PY14m1WeQZQdXMz9x0IhwH5AYS6Nss','e1c33420-130b-4ad0-a049-62a18073974f','2024-12-12 14:24:42',46),(219,'eyJhbGciOiJIUzI1NiIsInR5cCI6IkpXVCJ9.eyJzdWIiOiI0NCIsImVtYWlsIjoia2V0bzE0MTIwMDJAZ21haWwuY29tIiwiaHR0cDovL3NjaGVtYXMubWljcm9zb2Z0LmNvbS93cy8yMDA4LzA2L2lkZW50aXR5L2NsYWltcy9yb2xlIjoiMiIsImV4cCI6MTczNDAxMzY0NiwiaXNzIjoibG9jYWxob3N0IiwiYXVkIjoibG9jYWxob3N0In0.4EhVyne-oUuBTr_SvD4HBmkOfx9pRUbX-UbE8NSqwhY','066b59ab-d56b-4d9e-a66f-6de8c53ff2a3','2024-12-12 14:27:27',44),(220,'eyJhbGciOiJIUzI1NiIsInR5cCI6IkpXVCJ9.eyJzdWIiOiI0NiIsImVtYWlsIjoibGFtZHRoZTE2MzA4NUBmcHQuZWR1LnZuIiwiaHR0cDovL3NjaGVtYXMubWljcm9zb2Z0LmNvbS93cy8yMDA4LzA2L2lkZW50aXR5L2NsYWltcy9yb2xlIjoiMiIsImV4cCI6MTczNDAxNDg2NiwiaXNzIjoibG9jYWxob3N0IiwiYXVkIjoibG9jYWxob3N0In0.xLfO5iDCwVvJ4q4sqyOuTxAe6ysQ2toABWsUbmKoJyQ','7cdbeec4-038e-41f9-ae56-0182d7898255','2024-12-12 14:47:47',46),(221,'eyJhbGciOiJIUzI1NiIsInR5cCI6IkpXVCJ9.eyJzdWIiOiI1MCIsImVtYWlsIjoiYmFjaDEwYTEuaHlAZ21haWwuY29tIiwiaHR0cDovL3NjaGVtYXMubWljcm9zb2Z0LmNvbS93cy8yMDA4LzA2L2lkZW50aXR5L2NsYWltcy9yb2xlIjoiNiIsImV4cCI6MTczNDAxNDk0MiwiaXNzIjoibG9jYWxob3N0IiwiYXVkIjoibG9jYWxob3N0In0.RW5suwuwJeNCvrXjLqlhxr-hit1aqefAbnF-4rD6_j4','e544cdf9-0d65-47f4-86fc-26e3ab573bec','2024-12-12 14:49:03',50),(222,'eyJhbGciOiJIUzI1NiIsInR5cCI6IkpXVCJ9.eyJzdWIiOiI1MCIsImVtYWlsIjoiYmFjaDEwYTEuaHlAZ21haWwuY29tIiwiaHR0cDovL3NjaGVtYXMubWljcm9zb2Z0LmNvbS93cy8yMDA4LzA2L2lkZW50aXR5L2NsYWltcy9yb2xlIjoiNiIsImV4cCI6MTczNDAxNzc0NiwiaXNzIjoibG9jYWxob3N0IiwiYXVkIjoibG9jYWxob3N0In0.QuYEcFjp84LqH93BNbktSVcjWqxVPEpUKgbF5d4fKO4','af1a9728-52d5-4d8d-9db8-3804be8d1ed2','2024-12-12 15:35:46',50),(223,'eyJhbGciOiJIUzI1NiIsInR5cCI6IkpXVCJ9.eyJzdWIiOiI1MCIsImVtYWlsIjoiYmFjaDEwYTEuaHlAZ21haWwuY29tIiwiaHR0cDovL3NjaGVtYXMubWljcm9zb2Z0LmNvbS93cy8yMDA4LzA2L2lkZW50aXR5L2NsYWltcy9yb2xlIjoiNiIsImV4cCI6MTczNDAxODA0NywiaXNzIjoibG9jYWxob3N0IiwiYXVkIjoibG9jYWxob3N0In0.qLf9EKts8AKktWDoPqq0cIkUuOIW1Asmq16V7xA5n98','affeb956-9ef3-474b-b87d-4a4d3e351b46','2024-12-12 15:40:48',50),(224,'eyJhbGciOiJIUzI1NiIsInR5cCI6IkpXVCJ9.eyJzdWIiOiI1MCIsImVtYWlsIjoiYmFjaDEwYTEuaHlAZ21haWwuY29tIiwiaHR0cDovL3NjaGVtYXMubWljcm9zb2Z0LmNvbS93cy8yMDA4LzA2L2lkZW50aXR5L2NsYWltcy9yb2xlIjoiNiIsImV4cCI6MTczNDAxODc0NSwiaXNzIjoibG9jYWxob3N0IiwiYXVkIjoibG9jYWxob3N0In0.WoDsjHmxgexYz0nxlJny5mY1YtSjv6QvuXj69OIeRAs','ea66c32a-3f31-4c74-be0c-45bcf356066c','2024-12-12 15:52:25',50),(225,'eyJhbGciOiJIUzI1NiIsInR5cCI6IkpXVCJ9.eyJzdWIiOiI1MCIsImVtYWlsIjoiYmFjaDEwYTEuaHlAZ21haWwuY29tIiwiaHR0cDovL3NjaGVtYXMubWljcm9zb2Z0LmNvbS93cy8yMDA4LzA2L2lkZW50aXR5L2NsYWltcy9yb2xlIjoiNiIsImV4cCI6MTczNDAxOTI2MiwiaXNzIjoibG9jYWxob3N0IiwiYXVkIjoibG9jYWxob3N0In0.on_a2vpOmSSaDUJquXxAGCxz60aBxLFrYyhvi8XUX_k','aa2c083f-735c-452a-a5d3-c53c6bb62307','2024-12-12 16:01:02',50),(226,'eyJhbGciOiJIUzI1NiIsInR5cCI6IkpXVCJ9.eyJzdWIiOiI0NSIsImVtYWlsIjoiZG90dW5nbGFtMjAweHhAZ21haWwuY29tIiwiaHR0cDovL3NjaGVtYXMubWljcm9zb2Z0LmNvbS93cy8yMDA4LzA2L2lkZW50aXR5L2NsYWltcy9yb2xlIjoiNCIsImV4cCI6MTczNDAyMDA0NywiaXNzIjoibG9jYWxob3N0IiwiYXVkIjoibG9jYWxob3N0In0.gDYF1PhRXHJhh38lMx2cOvjnHFo1JxPkuYtsz_fcr-8','c5d87f4d-0f3f-44e3-a590-819626aaf982','2024-12-12 16:14:08',45),(227,'eyJhbGciOiJIUzI1NiIsInR5cCI6IkpXVCJ9.eyJzdWIiOiI0NCIsImVtYWlsIjoia2V0bzE0MTIwMDJAZ21haWwuY29tIiwiaHR0cDovL3NjaGVtYXMubWljcm9zb2Z0LmNvbS93cy8yMDA4LzA2L2lkZW50aXR5L2NsYWltcy9yb2xlIjoiMiIsImV4cCI6MTczNDAyMTA2NCwiaXNzIjoibG9jYWxob3N0IiwiYXVkIjoibG9jYWxob3N0In0.LaQHE1Trrji-6jNXOl6TxY98GoiPnKR-Wj4LWag1nME','52f2f5dc-3676-4e65-af62-6852323ba993','2024-12-12 16:31:05',44);
/*!40000 ALTER TABLE `token` ENABLE KEYS */;
UNLOCK TABLES;

--
-- Table structure for table `tuition`
--

DROP TABLE IF EXISTS `tuition`;
/*!40101 SET @saved_cs_client     = @@character_set_client */;
/*!50503 SET character_set_client = utf8mb4 */;
CREATE TABLE `tuition` (
  `TuitionId` int NOT NULL AUTO_INCREMENT,
  `StudentID` int NOT NULL,
  `SemesterID` int NOT NULL,
  `StartDate` datetime DEFAULT NULL,
  `EndDate` datetime DEFAULT NULL,
  `TuitionFee` decimal(10,0) DEFAULT NULL,
  `DueDate` date DEFAULT NULL,
  `IsPaid` int DEFAULT NULL,
  `TotalFee` decimal(10,0) DEFAULT NULL,
  `DiscountId` int NOT NULL,
  `StatusTuitionLate` int DEFAULT NULL,
  `LastEmailSentDate` datetime DEFAULT NULL,
  `SendMailByPr` int DEFAULT NULL,
  PRIMARY KEY (`TuitionId`),
  KEY `tuition_ibfk_2_idx` (`SemesterID`),
  KEY `tuition_ibfk_1` (`StudentID`),
  KEY `tuition_ibfk_3_idx` (`DiscountId`),
  CONSTRAINT `tuition_ibfk_1` FOREIGN KEY (`StudentID`) REFERENCES `children` (`StudentID`),
  CONSTRAINT `tuition_ibfk_2` FOREIGN KEY (`SemesterID`) REFERENCES `semester` (`SemesterID`),
  CONSTRAINT `tuition_ibfk_3` FOREIGN KEY (`DiscountId`) REFERENCES `discount` (`DiscountId`)
) ENGINE=InnoDB AUTO_INCREMENT=448 DEFAULT CHARSET=utf8mb4 COLLATE=utf8mb4_0900_ai_ci;
/*!40101 SET character_set_client = @saved_cs_client */;

--
-- Dumping data for table `tuition`
--

LOCK TABLES `tuition` WRITE;
/*!40000 ALTER TABLE `tuition` DISABLE KEYS */;
INSERT INTO `tuition` VALUES (198,1,7,'2024-09-01 00:00:00','2024-09-30 00:00:00',10000000,'2024-09-05',1,10000000,1,0,NULL,1),(199,2,7,'2024-09-01 00:00:00','2024-09-30 00:00:00',10000000,'2024-09-05',1,10000000,1,0,NULL,1),(200,3,7,'2024-09-01 00:00:00','2024-09-30 00:00:00',10000000,'2024-09-05',1,10000000,1,0,NULL,1),(201,4,7,'2024-09-01 00:00:00','2024-09-30 00:00:00',10000000,'2024-09-05',1,10000000,1,0,NULL,1),(202,5,7,'2024-09-01 00:00:00','2024-09-30 00:00:00',10000000,'2024-09-05',1,10000000,1,0,NULL,1),(203,6,7,'2024-09-01 00:00:00','2024-09-30 00:00:00',10000000,'2024-09-05',1,10000000,1,0,NULL,1),(204,7,7,'2024-09-01 00:00:00','2024-09-30 00:00:00',10000000,'2024-09-05',1,10000000,1,0,NULL,1),(205,8,7,'2024-09-01 00:00:00','2024-09-30 00:00:00',10000000,'2024-09-05',1,10000000,1,0,NULL,1),(206,9,7,'2024-09-01 00:00:00','2024-09-30 00:00:00',10000000,'2024-09-05',1,10000000,1,0,NULL,1),(207,10,7,'2024-09-01 00:00:00','2024-09-30 00:00:00',10000000,'2024-09-05',1,10000000,1,0,NULL,1),(208,11,7,'2024-09-01 00:00:00','2024-09-30 00:00:00',10000000,'2024-09-05',1,10000000,1,0,NULL,1),(209,12,7,'2024-09-01 00:00:00','2024-09-30 00:00:00',10000000,'2024-09-05',1,10000000,1,0,NULL,1),(210,13,7,'2024-09-01 00:00:00','2024-09-30 00:00:00',10000000,'2024-09-05',1,10000000,1,0,NULL,1),(211,14,7,'2024-09-01 00:00:00','2024-09-30 00:00:00',10000000,'2024-09-05',1,10000000,1,0,NULL,1),(212,15,7,'2024-09-01 00:00:00','2024-09-30 00:00:00',10000000,'2024-09-05',1,10000000,1,0,NULL,1),(213,16,7,'2024-09-01 00:00:00','2024-09-30 00:00:00',10000000,'2024-09-05',1,10000000,1,0,NULL,1),(214,17,7,'2024-09-01 00:00:00','2024-09-30 00:00:00',10000000,'2024-09-05',1,10000000,1,0,NULL,1),(215,18,7,'2024-09-01 00:00:00','2024-09-30 00:00:00',10000000,'2024-09-05',1,10000000,1,0,NULL,1),(216,19,7,'2024-09-01 00:00:00','2024-09-30 00:00:00',10000000,'2024-09-05',1,10000000,1,0,NULL,1),(217,20,7,'2024-09-01 00:00:00','2024-09-30 00:00:00',10000000,'2024-09-05',1,10000000,1,0,NULL,1),(218,21,7,'2024-09-01 00:00:00','2024-09-30 00:00:00',10000000,'2024-09-05',1,10000000,1,0,NULL,1),(219,22,7,'2024-09-01 00:00:00','2024-09-30 00:00:00',10000000,'2024-09-05',1,10000000,1,0,NULL,1),(220,23,7,'2024-09-01 00:00:00','2024-09-30 00:00:00',10000000,'2024-09-05',1,10000000,1,0,NULL,1),(221,24,7,'2024-09-01 00:00:00','2024-09-30 00:00:00',10000000,'2024-09-05',1,10000000,1,0,NULL,1),(222,25,7,'2024-09-01 00:00:00','2024-09-30 00:00:00',10000000,'2024-09-05',1,10000000,1,0,NULL,1),(223,26,7,'2024-09-01 00:00:00','2024-09-30 00:00:00',10000000,'2024-09-05',1,10000000,1,0,NULL,1),(224,27,7,'2024-09-01 00:00:00','2024-09-30 00:00:00',10000000,'2024-09-05',1,10000000,1,0,NULL,1),(225,28,7,'2024-09-01 00:00:00','2024-09-30 00:00:00',10000000,'2024-09-05',1,10000000,1,0,NULL,1),(226,29,7,'2024-09-01 00:00:00','2024-09-30 00:00:00',10000000,'2024-09-05',1,10000000,1,0,NULL,1),(227,30,7,'2024-09-01 00:00:00','2024-09-30 00:00:00',10000000,'2024-09-05',1,10000000,1,0,NULL,1),(228,31,7,'2024-09-01 00:00:00','2024-09-30 00:00:00',10000000,'2024-09-05',1,10000000,1,0,NULL,1),(229,32,7,'2024-09-01 00:00:00','2024-09-30 00:00:00',10000000,'2024-09-05',1,10000000,1,0,NULL,1),(230,33,7,'2024-09-01 00:00:00','2024-09-30 00:00:00',10000000,'2024-09-05',1,10000000,1,0,NULL,1),(231,34,7,'2024-09-01 00:00:00','2024-09-30 00:00:00',10000000,'2024-09-05',1,10000000,1,0,NULL,1),(232,35,7,'2024-09-01 00:00:00','2024-09-30 00:00:00',10000000,'2024-09-05',1,10000000,1,0,NULL,1),(233,36,7,'2024-09-01 00:00:00','2024-09-30 00:00:00',10000000,'2024-09-05',1,10000000,1,0,NULL,1),(234,37,7,'2024-09-01 00:00:00','2024-09-30 00:00:00',10000000,'2024-09-05',1,10000000,1,0,NULL,1),(235,38,7,'2024-09-01 00:00:00','2024-09-30 00:00:00',10000000,'2024-09-05',1,10000000,1,0,NULL,1),(236,39,7,'2024-09-01 00:00:00','2024-09-30 00:00:00',10000000,'2024-09-05',1,10000000,1,0,NULL,1),(237,40,7,'2024-09-01 00:00:00','2024-09-30 00:00:00',10000000,'2024-09-05',1,10000000,1,0,NULL,1),(238,41,7,'2024-09-01 00:00:00','2024-09-30 00:00:00',10000000,'2024-09-05',1,10000000,1,0,NULL,1),(239,42,7,'2024-09-01 00:00:00','2024-09-30 00:00:00',10000000,'2024-09-05',1,10000000,1,0,NULL,1),(240,43,7,'2024-09-01 00:00:00','2024-09-30 00:00:00',10000000,'2024-09-05',1,10000000,1,0,NULL,1),(241,44,7,'2024-09-01 00:00:00','2024-09-30 00:00:00',10000000,'2024-09-05',1,10000000,1,0,NULL,1),(242,45,7,'2024-09-01 00:00:00','2024-09-30 00:00:00',10000000,'2024-09-05',1,10000000,1,0,NULL,1),(243,46,7,'2024-09-01 00:00:00','2024-09-30 00:00:00',10000000,'2024-09-05',1,10000000,1,0,NULL,1),(244,47,7,'2024-09-01 00:00:00','2024-09-30 00:00:00',10000000,'2024-09-05',1,10000000,1,0,NULL,1),(245,48,7,'2024-09-01 00:00:00','2024-09-30 00:00:00',10000000,'2024-09-05',1,10000000,1,0,NULL,1),(246,49,7,'2024-09-01 00:00:00','2024-09-30 00:00:00',10000000,'2024-09-05',1,10000000,1,0,NULL,1),(247,50,7,'2024-09-01 00:00:00','2024-09-30 00:00:00',10000000,'2024-09-05',1,10000000,1,0,NULL,1),(248,1,7,'2024-10-01 00:00:00','2024-10-31 00:00:00',10000000,'2024-10-05',1,10000000,1,0,NULL,1),(249,2,7,'2024-10-01 00:00:00','2024-10-31 00:00:00',10000000,'2024-10-05',1,10000000,1,0,NULL,1),(250,3,7,'2024-10-01 00:00:00','2024-10-31 00:00:00',10000000,'2024-10-05',1,10000000,1,0,NULL,1),(251,4,7,'2024-10-01 00:00:00','2024-10-31 00:00:00',10000000,'2024-10-05',1,10000000,1,0,NULL,1),(252,5,7,'2024-10-01 00:00:00','2024-10-31 00:00:00',10000000,'2024-10-05',1,10000000,1,0,NULL,1),(253,6,7,'2024-10-01 00:00:00','2024-10-31 00:00:00',10000000,'2024-10-05',1,10000000,1,0,NULL,1),(254,7,7,'2024-10-01 00:00:00','2024-10-31 00:00:00',10000000,'2024-10-05',1,10000000,1,0,NULL,1),(255,8,7,'2024-10-01 00:00:00','2024-10-31 00:00:00',10000000,'2024-10-05',1,10000000,1,0,NULL,1),(256,9,7,'2024-10-01 00:00:00','2024-10-31 00:00:00',10000000,'2024-10-05',1,10000000,1,0,NULL,1),(257,10,7,'2024-10-01 00:00:00','2024-10-31 00:00:00',10000000,'2024-10-05',1,10000000,1,0,NULL,1),(258,11,7,'2024-10-01 00:00:00','2024-10-31 00:00:00',10000000,'2024-10-05',1,10000000,1,0,NULL,1),(259,12,7,'2024-10-01 00:00:00','2024-10-31 00:00:00',10000000,'2024-10-05',1,10000000,1,0,NULL,1),(260,13,7,'2024-10-01 00:00:00','2024-10-31 00:00:00',10000000,'2024-10-05',1,10000000,1,0,NULL,1),(261,14,7,'2024-10-01 00:00:00','2024-10-31 00:00:00',10000000,'2024-10-05',1,10000000,1,0,NULL,1),(262,15,7,'2024-10-01 00:00:00','2024-10-31 00:00:00',10000000,'2024-10-05',1,10000000,1,0,NULL,1),(263,16,7,'2024-10-01 00:00:00','2024-10-31 00:00:00',10000000,'2024-10-05',1,10000000,1,0,NULL,1),(264,17,7,'2024-10-01 00:00:00','2024-10-31 00:00:00',10000000,'2024-10-05',1,10000000,1,0,NULL,1),(265,18,7,'2024-10-01 00:00:00','2024-10-31 00:00:00',10000000,'2024-10-05',1,10000000,1,0,NULL,1),(266,19,7,'2024-10-01 00:00:00','2024-10-31 00:00:00',10000000,'2024-10-05',1,10000000,1,0,NULL,1),(267,20,7,'2024-10-01 00:00:00','2024-10-31 00:00:00',10000000,'2024-10-05',1,10000000,1,0,NULL,1),(268,21,7,'2024-10-01 00:00:00','2024-10-31 00:00:00',10000000,'2024-10-05',1,10000000,1,0,NULL,1),(269,22,7,'2024-10-01 00:00:00','2024-10-31 00:00:00',10000000,'2024-10-05',1,10000000,1,0,NULL,1),(270,23,7,'2024-10-01 00:00:00','2024-10-31 00:00:00',10000000,'2024-10-05',1,10000000,1,0,NULL,1),(271,24,7,'2024-10-01 00:00:00','2024-10-31 00:00:00',10000000,'2024-10-05',1,10000000,1,0,NULL,1),(272,25,7,'2024-10-01 00:00:00','2024-10-31 00:00:00',10000000,'2024-10-05',1,10000000,1,0,NULL,1),(273,26,7,'2024-10-01 00:00:00','2024-10-31 00:00:00',10000000,'2024-10-05',1,10000000,1,0,NULL,1),(274,27,7,'2024-10-01 00:00:00','2024-10-31 00:00:00',10000000,'2024-10-05',1,10000000,1,0,NULL,1),(275,28,7,'2024-10-01 00:00:00','2024-10-31 00:00:00',10000000,'2024-10-05',1,10000000,1,0,NULL,1),(276,29,7,'2024-10-01 00:00:00','2024-10-31 00:00:00',10000000,'2024-10-05',1,10000000,1,0,NULL,1),(277,30,7,'2024-10-01 00:00:00','2024-10-31 00:00:00',10000000,'2024-10-05',1,10000000,1,0,NULL,1),(278,31,7,'2024-10-01 00:00:00','2024-10-31 00:00:00',10000000,'2024-10-05',1,10000000,1,0,NULL,1),(279,32,7,'2024-10-01 00:00:00','2024-10-31 00:00:00',10000000,'2024-10-05',1,10000000,1,0,NULL,1),(280,33,7,'2024-10-01 00:00:00','2024-10-31 00:00:00',10000000,'2024-10-05',1,10000000,1,0,NULL,1),(281,34,7,'2024-10-01 00:00:00','2024-10-31 00:00:00',10000000,'2024-10-05',1,10000000,1,0,NULL,1),(282,35,7,'2024-10-01 00:00:00','2024-10-31 00:00:00',10000000,'2024-10-05',1,10000000,1,0,NULL,1),(283,36,7,'2024-10-01 00:00:00','2024-10-31 00:00:00',10000000,'2024-10-05',1,10000000,1,0,NULL,1),(284,37,7,'2024-10-01 00:00:00','2024-10-31 00:00:00',10000000,'2024-10-05',1,10000000,1,0,NULL,1),(285,38,7,'2024-10-01 00:00:00','2024-10-31 00:00:00',10000000,'2024-10-05',1,10000000,1,0,NULL,1),(286,39,7,'2024-10-01 00:00:00','2024-10-31 00:00:00',10000000,'2024-10-05',1,10000000,1,0,NULL,1),(287,40,7,'2024-10-01 00:00:00','2024-10-31 00:00:00',10000000,'2024-10-05',1,10000000,1,0,NULL,1),(288,41,7,'2024-10-01 00:00:00','2024-10-31 00:00:00',10000000,'2024-10-05',1,10000000,1,0,NULL,1),(289,42,7,'2024-10-01 00:00:00','2024-10-31 00:00:00',10000000,'2024-10-05',1,10000000,1,0,NULL,1),(290,43,7,'2024-10-01 00:00:00','2024-10-31 00:00:00',10000000,'2024-10-05',1,10000000,1,0,NULL,1),(291,44,7,'2024-10-01 00:00:00','2024-10-31 00:00:00',10000000,'2024-10-05',1,10000000,1,0,NULL,1),(292,45,7,'2024-10-01 00:00:00','2024-10-31 00:00:00',10000000,'2024-10-05',1,10000000,1,0,NULL,1),(293,46,7,'2024-10-01 00:00:00','2024-10-31 00:00:00',10000000,'2024-10-05',1,10000000,1,0,NULL,1),(294,47,7,'2024-10-01 00:00:00','2024-10-31 00:00:00',10000000,'2024-10-05',1,10000000,1,0,NULL,1),(295,48,7,'2024-10-01 00:00:00','2024-10-31 00:00:00',10000000,'2024-10-05',1,10000000,1,0,NULL,1),(296,49,7,'2024-10-01 00:00:00','2024-10-31 00:00:00',10000000,'2024-10-05',1,10000000,1,0,NULL,1),(297,50,7,'2024-10-01 00:00:00','2024-10-31 00:00:00',10000000,'2024-10-05',1,10000000,1,0,NULL,1),(298,1,7,'2024-11-01 00:00:00','2024-11-30 00:00:00',10000000,'2024-11-05',1,10000000,1,0,NULL,1),(299,2,7,'2024-11-01 00:00:00','2024-11-30 00:00:00',10000000,'2024-11-05',1,10000000,1,0,NULL,1),(300,3,7,'2024-11-01 00:00:00','2024-11-30 00:00:00',10000000,'2024-11-05',1,10000000,1,0,NULL,1),(301,4,7,'2024-11-01 00:00:00','2024-11-30 00:00:00',10000000,'2024-11-05',1,10000000,1,0,NULL,1),(302,5,7,'2024-11-01 00:00:00','2024-11-30 00:00:00',10000000,'2024-11-05',1,10000000,1,0,NULL,1),(303,6,7,'2024-11-01 00:00:00','2024-11-30 00:00:00',10000000,'2024-11-05',1,10000000,1,0,NULL,1),(304,7,7,'2024-11-01 00:00:00','2024-11-30 00:00:00',10000000,'2024-11-05',1,10000000,1,0,NULL,1),(305,8,7,'2024-11-01 00:00:00','2024-11-30 00:00:00',10000000,'2024-11-05',1,10000000,1,0,NULL,1),(306,9,7,'2024-11-01 00:00:00','2024-11-30 00:00:00',10000000,'2024-11-05',1,10000000,1,0,NULL,1),(307,10,7,'2024-11-01 00:00:00','2024-11-30 00:00:00',10000000,'2024-11-05',1,10000000,1,0,NULL,1),(308,11,7,'2024-11-01 00:00:00','2024-11-30 00:00:00',10000000,'2024-11-05',1,10000000,1,0,NULL,1),(309,12,7,'2024-11-01 00:00:00','2024-11-30 00:00:00',10000000,'2024-11-05',1,10000000,1,0,NULL,1),(310,13,7,'2024-11-01 00:00:00','2024-11-30 00:00:00',10000000,'2024-11-05',1,10000000,1,0,NULL,1),(311,14,7,'2024-11-01 00:00:00','2024-11-30 00:00:00',10000000,'2024-11-05',1,10000000,1,0,NULL,1),(312,15,7,'2024-11-01 00:00:00','2024-11-30 00:00:00',10000000,'2024-11-05',1,10000000,1,0,NULL,1),(313,16,7,'2024-11-01 00:00:00','2024-11-30 00:00:00',10000000,'2024-11-05',1,10000000,1,0,NULL,1),(314,17,7,'2024-11-01 00:00:00','2024-11-30 00:00:00',10000000,'2024-11-05',1,10000000,1,0,NULL,1),(315,18,7,'2024-11-01 00:00:00','2024-11-30 00:00:00',10000000,'2024-11-05',1,10000000,1,0,NULL,1),(316,19,7,'2024-11-01 00:00:00','2024-11-30 00:00:00',10000000,'2024-11-05',1,10000000,1,0,NULL,1),(317,20,7,'2024-11-01 00:00:00','2024-11-30 00:00:00',10000000,'2024-11-05',1,10000000,1,0,NULL,1),(318,21,7,'2024-11-01 00:00:00','2024-11-30 00:00:00',10000000,'2024-11-05',1,10000000,1,0,NULL,1),(319,22,7,'2024-11-01 00:00:00','2024-11-30 00:00:00',10000000,'2024-11-05',1,10000000,1,0,NULL,1),(320,23,7,'2024-11-01 00:00:00','2024-11-30 00:00:00',10000000,'2024-11-05',1,10000000,1,0,NULL,1),(321,24,7,'2024-11-01 00:00:00','2024-11-30 00:00:00',10000000,'2024-11-05',1,10000000,1,0,NULL,1),(322,25,7,'2024-11-01 00:00:00','2024-11-30 00:00:00',10000000,'2024-11-05',1,10000000,1,0,NULL,1),(323,26,7,'2024-11-01 00:00:00','2024-11-30 00:00:00',10000000,'2024-11-05',1,10000000,1,0,NULL,1),(324,27,7,'2024-11-01 00:00:00','2024-11-30 00:00:00',10000000,'2024-11-05',1,10000000,1,0,NULL,1),(325,28,7,'2024-11-01 00:00:00','2024-11-30 00:00:00',10000000,'2024-11-05',1,10000000,1,0,NULL,1),(326,29,7,'2024-11-01 00:00:00','2024-11-30 00:00:00',10000000,'2024-11-05',1,10000000,1,0,NULL,1),(327,30,7,'2024-11-01 00:00:00','2024-11-30 00:00:00',10000000,'2024-11-05',1,10000000,1,0,NULL,1),(328,31,7,'2024-11-01 00:00:00','2024-11-30 00:00:00',10000000,'2024-11-05',1,10000000,1,0,NULL,1),(329,32,7,'2024-11-01 00:00:00','2024-11-30 00:00:00',10000000,'2024-11-05',1,10000000,1,0,NULL,1),(330,33,7,'2024-11-01 00:00:00','2024-11-30 00:00:00',10000000,'2024-11-05',1,10000000,1,0,NULL,1),(331,34,7,'2024-11-01 00:00:00','2024-11-30 00:00:00',10000000,'2024-11-05',1,10000000,1,0,NULL,1),(332,35,7,'2024-11-01 00:00:00','2024-11-30 00:00:00',10000000,'2024-11-05',1,10000000,1,0,NULL,1),(333,36,7,'2024-11-01 00:00:00','2024-11-30 00:00:00',10000000,'2024-11-05',1,10000000,1,0,NULL,1),(334,37,7,'2024-11-01 00:00:00','2024-11-30 00:00:00',10000000,'2024-11-05',1,10000000,1,0,NULL,1),(335,38,7,'2024-11-01 00:00:00','2024-11-30 00:00:00',10000000,'2024-11-05',1,10000000,1,0,NULL,1),(336,39,7,'2024-11-01 00:00:00','2024-11-30 00:00:00',10000000,'2024-11-05',1,10000000,1,0,NULL,1),(337,40,7,'2024-11-01 00:00:00','2024-11-30 00:00:00',10000000,'2024-11-05',1,10000000,1,0,NULL,1),(338,41,7,'2024-11-01 00:00:00','2024-11-30 00:00:00',10000000,'2024-11-05',1,10000000,1,0,NULL,1),(339,42,7,'2024-11-01 00:00:00','2024-11-30 00:00:00',10000000,'2024-11-05',1,10000000,1,0,NULL,1),(340,43,7,'2024-11-01 00:00:00','2024-11-30 00:00:00',10000000,'2024-11-05',1,10000000,1,0,NULL,1),(341,44,7,'2024-11-01 00:00:00','2024-11-30 00:00:00',10000000,'2024-11-05',1,10000000,1,0,NULL,1),(342,45,7,'2024-11-01 00:00:00','2024-11-30 00:00:00',10000000,'2024-11-05',1,10000000,1,0,NULL,1),(343,46,7,'2024-11-01 00:00:00','2024-11-30 00:00:00',10000000,'2024-11-05',1,10000000,1,0,NULL,1),(344,47,7,'2024-11-01 00:00:00','2024-11-30 00:00:00',10000000,'2024-11-05',1,10000000,1,0,NULL,1),(345,48,7,'2024-11-01 00:00:00','2024-11-30 00:00:00',10000000,'2024-11-05',1,10000000,1,0,NULL,1),(346,49,7,'2024-11-01 00:00:00','2024-11-30 00:00:00',10000000,'2024-11-05',1,10000000,1,0,NULL,1),(347,50,7,'2024-11-01 00:00:00','2024-11-30 00:00:00',10000000,'2024-11-05',1,10000000,1,0,NULL,1),(398,1,7,'2024-12-01 00:00:00','2024-12-31 00:00:00',10000000,'2024-12-05',1,10000000,1,0,NULL,1),(399,2,7,'2024-12-01 00:00:00','2024-12-31 00:00:00',10000000,'2024-12-05',1,10000000,1,0,NULL,1),(400,3,7,'2024-12-01 00:00:00','2024-12-31 00:00:00',10000000,'2024-12-05',1,10000000,1,0,NULL,1),(401,4,7,'2024-12-01 00:00:00','2024-12-31 00:00:00',10000000,'2024-12-05',1,10000000,1,0,NULL,1),(402,5,7,'2024-12-01 00:00:00','2024-12-31 00:00:00',10000000,'2024-12-05',1,10000000,1,0,NULL,1),(403,6,7,'2024-12-01 00:00:00','2024-12-31 00:00:00',10000000,'2024-12-05',1,10000000,1,0,NULL,1),(404,7,7,'2024-12-01 00:00:00','2024-12-31 00:00:00',10000000,'2024-12-05',1,10000000,1,0,NULL,1),(405,8,7,'2024-12-01 00:00:00','2024-12-31 00:00:00',10000000,'2024-12-05',1,10000000,1,0,NULL,1),(406,9,7,'2024-12-01 00:00:00','2024-12-31 00:00:00',10000000,'2024-12-05',1,10000000,1,0,NULL,1),(407,10,7,'2024-12-01 00:00:00','2024-12-31 00:00:00',10000000,'2024-12-05',1,10000000,1,0,NULL,1),(408,11,7,'2024-12-01 00:00:00','2024-12-31 00:00:00',10000000,'2024-12-05',1,10000000,1,0,NULL,1),(409,12,7,'2024-12-01 00:00:00','2024-12-31 00:00:00',10000000,'2024-12-05',1,10000000,1,0,NULL,1),(410,13,7,'2024-12-01 00:00:00','2024-12-31 00:00:00',10000000,'2024-12-05',1,10000000,1,0,NULL,1),(411,14,7,'2024-12-01 00:00:00','2024-12-31 00:00:00',10000000,'2024-12-05',1,10000000,1,0,NULL,1),(412,15,7,'2024-12-01 00:00:00','2024-12-31 00:00:00',10000000,'2024-12-05',1,10000000,1,0,NULL,1),(413,16,7,'2024-12-01 00:00:00','2024-12-31 00:00:00',10000000,'2024-12-05',1,10000000,1,0,NULL,1),(414,17,7,'2024-12-01 00:00:00','2024-12-31 00:00:00',10000000,'2024-12-05',1,10000000,1,0,NULL,1),(415,18,7,'2024-12-01 00:00:00','2024-12-31 00:00:00',10000000,'2024-12-05',1,10000000,1,0,NULL,1),(416,19,7,'2024-12-01 00:00:00','2024-12-31 00:00:00',10000000,'2024-12-05',1,10000000,1,0,NULL,1),(417,20,7,'2024-12-01 00:00:00','2024-12-31 00:00:00',10000000,'2024-12-05',1,10000000,1,0,NULL,1),(418,21,7,'2024-12-01 00:00:00','2024-12-31 00:00:00',10000000,'2024-12-05',1,10000000,1,0,NULL,1),(419,22,7,'2024-12-01 00:00:00','2024-12-31 00:00:00',10000000,'2024-12-05',1,10000000,1,0,NULL,1),(420,23,7,'2024-12-01 00:00:00','2024-12-31 00:00:00',10000000,'2024-12-05',1,10000000,1,0,NULL,1),(421,24,7,'2024-12-01 00:00:00','2024-12-31 00:00:00',10000000,'2024-12-05',1,10000000,1,0,NULL,1),(422,25,7,'2024-12-01 00:00:00','2024-12-31 00:00:00',10000000,'2024-12-05',1,10000000,1,0,NULL,1),(423,26,7,'2024-12-01 00:00:00','2024-12-31 00:00:00',10000000,'2024-12-05',1,10000000,1,0,NULL,1),(424,27,7,'2024-12-01 00:00:00','2024-12-31 00:00:00',10000000,'2024-12-05',1,10000000,1,0,NULL,1),(425,28,7,'2024-12-01 00:00:00','2024-12-31 00:00:00',10000000,'2024-12-05',1,10000000,1,0,NULL,1),(426,29,7,'2024-12-01 00:00:00','2024-12-31 00:00:00',10000000,'2024-12-05',1,10000000,1,0,NULL,1),(427,30,7,'2024-12-01 00:00:00','2024-12-31 00:00:00',10000000,'2024-12-05',1,10000000,1,0,NULL,1),(428,31,7,'2024-12-01 00:00:00','2024-12-31 00:00:00',10000000,'2024-12-05',1,10000000,1,0,NULL,1),(429,32,7,'2024-12-01 00:00:00','2024-12-31 00:00:00',10000000,'2024-12-05',1,10000000,1,0,NULL,1),(430,33,7,'2024-12-01 00:00:00','2024-12-31 00:00:00',10000000,'2024-12-05',1,10000000,1,0,NULL,1),(431,34,7,'2024-12-01 00:00:00','2024-12-31 00:00:00',10000000,'2024-12-05',1,10000000,1,0,NULL,1),(432,35,7,'2024-12-01 00:00:00','2024-12-31 00:00:00',10000000,'2024-12-05',1,10000000,1,0,NULL,1),(433,36,7,'2024-12-01 00:00:00','2024-12-31 00:00:00',10000000,'2024-12-05',1,10000000,1,0,NULL,1),(434,37,7,'2024-12-01 00:00:00','2024-12-31 00:00:00',10000000,'2024-12-05',1,10000000,1,0,NULL,1),(435,38,7,'2024-12-01 00:00:00','2024-12-31 00:00:00',10000000,'2024-12-05',1,10000000,1,0,NULL,1),(436,39,7,'2024-12-01 00:00:00','2024-12-31 00:00:00',10000000,'2024-12-05',1,10000000,1,0,NULL,1),(437,40,7,'2024-12-01 00:00:00','2024-12-31 00:00:00',10000000,'2024-12-05',1,10000000,1,0,NULL,1),(438,41,7,'2024-12-01 00:00:00','2024-12-31 00:00:00',10000000,'2024-12-05',1,10000000,1,0,NULL,1),(439,42,7,'2024-12-01 00:00:00','2024-12-31 00:00:00',10000000,'2024-12-05',1,10000000,1,0,NULL,1),(440,43,7,'2024-12-01 00:00:00','2024-12-31 00:00:00',10000000,'2024-12-05',1,10000000,1,0,NULL,1),(441,44,7,'2024-12-01 00:00:00','2024-12-31 00:00:00',10000000,'2024-12-05',1,10000000,1,0,NULL,1),(442,45,7,'2024-12-01 00:00:00','2024-12-31 00:00:00',10000000,'2024-12-05',1,10000000,1,0,NULL,1),(443,46,7,'2024-12-01 00:00:00','2024-12-31 00:00:00',10000000,'2024-12-05',1,10000000,1,0,NULL,1),(444,47,7,'2024-12-01 00:00:00','2024-12-31 00:00:00',10000000,'2024-12-05',1,10000000,1,0,NULL,1),(445,48,7,'2024-12-01 00:00:00','2024-12-31 00:00:00',10000000,'2024-12-05',1,10000000,1,0,NULL,1),(446,49,7,'2024-12-01 00:00:00','2024-12-31 00:00:00',10000000,'2024-12-05',1,10000000,1,0,NULL,1),(447,50,7,'2024-12-01 00:00:00','2024-12-31 00:00:00',10000000,'2024-12-05',1,10000000,1,0,NULL,1);
/*!40000 ALTER TABLE `tuition` ENABLE KEYS */;
UNLOCK TABLES;

--
-- Table structure for table `user`
--

DROP TABLE IF EXISTS `user`;
/*!40101 SET @saved_cs_client     = @@character_set_client */;
/*!50503 SET character_set_client = utf8mb4 */;
CREATE TABLE `user` (
  `UserID` int NOT NULL AUTO_INCREMENT,
  `Firstname` varchar(45) DEFAULT NULL,
  `LastName` varchar(45) DEFAULT NULL,
  `Address` varchar(45) DEFAULT NULL,
  `PhoneNumber` varchar(45) DEFAULT NULL,
  `Mail` varchar(45) NOT NULL,
  `RoleID` int NOT NULL,
  `Password` varchar(64) NOT NULL,
  `SaltKey` varchar(45) NOT NULL,
  `Status` tinyint NOT NULL,
  `Gender` tinyint DEFAULT NULL,
  `Dob` datetime DEFAULT NULL,
  `Code` varchar(45) DEFAULT NULL,
  `Avatar` varchar(500) DEFAULT NULL,
  `CreateAt` datetime DEFAULT NULL,
  PRIMARY KEY (`UserID`),
  KEY `fk_user_role1_idx` (`RoleID`),
  CONSTRAINT `fk_user_role1` FOREIGN KEY (`RoleID`) REFERENCES `role` (`RoleID`)
) ENGINE=InnoDB AUTO_INCREMENT=108 DEFAULT CHARSET=utf8mb4 COLLATE=utf8mb4_0900_ai_ci;
/*!40101 SET character_set_client = @saved_cs_client */;

--
-- Dumping data for table `user`
--

LOCK TABLES `user` WRITE;
/*!40000 ALTER TABLE `user` DISABLE KEYS */;
INSERT INTO `user` VALUES (44,'Nguyen','Hieu','Hà nội ','0587878451','keto1412002@gmail.com',2,'f9a279f2ad69b8f98aa51ac40a4987510f261a8e30aa8f3728b250d20bcc576a','CmS+1nOuRysS5V6Dz0ei3KjQNTf35Y/u5LmXs+hxp2g=',1,0,'1990-05-06 00:00:00','PA44','https://res.cloudinary.com/dj0idln0z/image/upload/v1734004498/UserProfileImages/44.jpg','2024-12-11 15:34:31'),(45,'Lâm','Đỗ ','Thái Nguyên','0356111214','dotunglam200xx@gmail.com',4,'bf6cb456dcab387007ef92c9b4e3d53f704ca2abe123ebf4d81b037970820b9a','YPW376wIJgVGAmWiF33O6gY/WTf+0YW0geEHtAaLsg0=',1,0,'1993-07-28 00:00:00','PR45',NULL,'2024-12-11 15:34:36'),(46,'Lâm','Đỗ ','Thái Nguyên','0356111214','lamdthe163085@fpt.edu.vn',2,'279ed834711f585969dad5889df3bbcff1ec876525e3315926afe6357af76f67','bt8M1bqaXFhepJG1ZtUg2ySwy9reIhJOiuYq6kV1TVM=',1,1,'1993-07-28 00:00:00','PA46',NULL,'2024-12-11 15:34:41'),(47,'Anh','Thế','Hà Nội','0948368830','theanh0102nd@gmail.com',2,'bf5e6d8b08ca644efd5f5a7365bef54a8ed32b7bb9af5ab7f8aaf8d4dd581788','yoYA/hlEdKENxZLmIV68X5PwQB6TT99zKqFUdTnPTY4=',1,1,'1993-07-28 00:00:00','PA47',NULL,'2024-12-11 15:34:45'),(48,'Anh','Đào','Nam Định','0916438712','anhdthe161741@fpt.edu.vn',5,'b705e42a34a23b61cf935e608a6e6fcdca663b1465c878ed629d0b2f7753a031','emwLcmbi8Rl5lmmMEetMSDpf7Q0c6+zR/OGVtkRWCsk=',1,1,'1993-07-28 00:00:00','TA48',NULL,'2024-12-11 15:34:50'),(49,'Bách ','Sơn','Hà nội','0265494998','bachnshe161333@fpt.edu.vn',3,'40a7f0cd53c564bd6e93424aba2466fd9bc82437175a93e0b71bb1d364b476c4','TIRxVGklRL8F3c/nWcbz1i/nFEv5OcRR8ryNa7AT6zc=',1,1,'1976-05-06 00:00:00','SF49','https://res.cloudinary.com/dj0idln0z/image/upload/v1734016389/UserProfileImages/49.jpg','2024-12-11 15:34:55'),(50,'Bách','Hà','Thái nguyên','0265897894','bach10a1.hy@gmail.com',6,'a8bf9f2606a0677ca0a2216c9c5ed723f1ee6f807d0c14d6088dc766afc15c8a','KEiJz8Jkq5Joxx7wJTwf1yuEEU2Zs7HipsfvZZovKrY=',1,1,'1976-05-06 00:00:00','TA50','https://res.cloudinary.com/dj0idln0z/image/upload/v1734015408/UserProfileImages/50.jpg','2024-12-11 15:35:00'),(51,'Bách ','Hoàng ','Sóc Trăng','0949841988','sonbach317.hy@gmail.com',5,'d944134cbbb5046c6bf7d18ce47ae1e69e2b1c09f46e49ff8b13ff533c7a8a55','0adayAUC/Y/bDlRRUmJA5V+UYH8qIFh057aezuH+sCE=',1,1,'1976-05-06 00:00:00','TA51',NULL,'2024-12-11 15:35:04'),(52,'Hoang','Tuan Kiet','Thai Binh','0377245644','kiet7cvl@gmail.com',5,'d2f060951475659c5185275ab65cdd39311ca43ea809629319d1eb90f0bd9b60','6U1Pi+tBU5b+4XrArHquipvxdEZzt24obxgsqD/UgxU=',1,1,'1976-05-06 00:00:00','TA52',NULL,'2024-12-11 15:35:08'),(53,'Hoang','Thi Hien','Thai Binh','0338362387','kiet9cvl@gmail.com',5,'b0c5ebfddf8ce11aed846e5900d3f5701231daeb21b083bb093bee9272c2285b','6pMwjeunNH7VJHgyBZLC6vwY03pnm4Gc5/E9c5Kr0PQ=',1,1,'1990-05-06 00:00:00','TA53',NULL,'2024-12-11 15:35:13'),(54,'Hoang','Trong Tan','Thai Binh','0392386389','Kieththe161307@fpt.edu.vn',1,'610626885db35c423d09914bf8d4e1d491ee60bef5214cd40740059d330fb556','bjmpAyUwn+UdEntQqou653Dma+v0Mw1brX34Oj4s9go=',1,0,'1990-05-06 00:00:00','AD54',NULL,'2024-12-11 15:35:19'),(55,'Nguyen','Trung Hieu','Ha Noi','0365551402','Hieunthe160630@fpt.edu.vn',5,'fde8e0f24185d36796d3de45a196b085f5895274a0aa3d33414459720de48ef4','Qlb3LZ+v6Xtz48dpuX3/AM0v8tKImC83NjqUEcgW/S4=',1,0,'2024-01-14 00:00:00','TA55',NULL,'2024-12-11 15:35:23'),(56,'Lâm','Nghuyên ','Quảng Ninh','0789151566','lam163085@fpt.edu.vn',5,'b3d6d9ae3f5f3bd9977482193545f8f9e8a6b24b63b5b1b410446c3e02ccf429','j287P/fmmC0Lh2S6g5bXerEoFQ02OLpQBS8Ls19hdwk=',1,1,'1976-05-06 00:00:00','TA56',NULL,'2024-12-11 15:35:27'),(57,'Anh','Hải','Hà nội','0984465445','the0102nd@gmail.com',5,'47516cfa99fd5abfb24c5298ea47ccb707466121e003ed2308a9740cd0691890','8ugkg6VyTkUq5AuXLxdGzJ5X94qbLFQ2YMf081xIaE8=',1,1,'1976-05-06 00:00:00','TA57',NULL,'2024-12-11 15:35:31'),(58,'Dào ','ANh','Hà Nội','0998559597','dthe161741@fpt.edu.vn',5,'97307c8cf953d55b3704d41fbed40dd180dde8fad35251f6074b9bbbf12c77d3','XL1WJ5BGx/VRjuyI3MuJ6rm2ebXyQRoqObHluqjFZjs=',1,1,'1976-05-06 00:00:00','TA58',NULL,'2024-12-11 15:35:35'),(59,'Bách','Thế ','Hà nội','0984654891','bach33@fpt.edu.vn',5,'6543b79d77c2a922f263b1cd697b4c182715d330d9e56dade0174014e0287286','YdgmK9viWE/TYcxvaM4jXxj7+EV9Qih6S11ST5xwlSc=',1,1,'1976-05-06 00:00:00','TA59',NULL,'2024-12-11 15:35:40'),(60,'Hoàng ','Anh','Hà nội','0587878451','bach1.hy@gmail.com',5,'0699c333d991758f161f5add643fc068553fbc97235ab1f33a15c74c23060fee','8k1a5pahB7v6AZ63iEbEiq9XCX+vMYfGiaClHDM6OH0=',1,1,'1976-05-06 00:00:00','TA60',NULL,'2024-12-11 15:35:44'),(61,'Kiệt ','Lạc ','Hà nội ','0587878451','sonbach2344.hy@gmail.com',5,'9eafb4229520e13a2c44e5a1d679e2e8d6ae82a5d51eed517a5f3b6469d67628','7LlFsjulShV/gso7bxa5HzouWV9EhTvxpP4oXZSUCmA=',1,1,'1976-05-06 00:00:00','TA61',NULL,'2024-12-11 15:35:49'),(62,'Hải ','Đăng ','Hà nội ','0587878451','HieuKiet131@gmail.com',5,'34e5c56c99df119b405d124db9f46ba5b8dbd876b1a074453a95fbd0fd3e87c2','8yHe7jiiuudmmBd/eQhWIuFaBQVmi6Ri3djnxPGVU3Q=',1,1,'1976-05-06 00:00:00','TA62',NULL,'2024-12-11 15:35:54'),(63,'Bị ','Lưu','Hà nội ','0587878451','lamntt9cvl@gmail.com',5,'cc586b2681a4711dca90cee7397d26acd08bd9cdc381ffdf764f4dadb57e2492','CbiFCfTUZLil0Hng9zmc5I7Nku+JUBcrbMJtLhRi9ME=',1,1,'1976-05-06 00:00:00','TA63',NULL,'2024-12-11 15:35:58'),(64,'Hải ','Triều','Hà nội ','0587878451','nguyenvana123@gmail.com',5,'ed9825cc8a09dd5ae68af8ee55277810dfd4d592404699ac45d7598ace269c3a','ETlnbr7NuiC9eqfCQJIDnG/wdsa8E4abAYnS7L8J8eY=',1,1,'1976-05-06 00:00:00','TA64',NULL,'2024-12-11 15:36:02'),(65,'Đức ','Mạnh ','Hà nội ','0587878451','hoangthibich456@gmail.com',5,'cd567718e062b2b2ef97080b488f7d8282a59b29f20a4475b204254fe0a9d7fe','YU2Grm8de/HRI1yZA6c/wBtlgd/CY8Y+ZOBZlSzgMJk=',1,1,'1976-05-06 00:00:00','TA65',NULL,'2024-12-11 15:36:07'),(66,'Quang','Mạnh','Hà nội ','0587878451','leminhkhang789@gmail.com',5,'c444f4e415b6296a8e31edb44e66e2f3b60f11600625ce40586baad36195f02f','vS709CZGuifu6De+UuJWcJ6j4LmtjnET7jmzfxojhvE=',1,1,'1976-05-06 00:00:00','TA66',NULL,'2024-12-11 15:36:11'),(67,'Đỗ ','Anh','Hà nội ','0587878451','tranthanhdat2024@gmail.com',5,'d51217eadf3e0af4fbaf26a50c84452495bbfc9d494ad7866a8388d7dde43749','xtj+37Fy9nqRIc7vWO5JnWQWz8sy3+5gDSQgmFnylIo=',1,1,'1976-05-06 00:00:00','TA67',NULL,'2024-12-11 15:36:16'),(68,'Anh ','Na','Hà nội ','0587878451','phamanhtu1234@gmail.com',2,'ebc301989eabffa78f2406701b80579053d7be73fda302f0be5334057b9e50bc','d/I+emJovxHxDYQABUaiDHXiGeoSC/rRGO1Ufzqd5Nk=',1,1,'1976-05-06 00:00:00','PA68',NULL,'2024-12-11 15:36:20'),(69,'Tý','Đỗ','Hà nội ','0587878451','ngothuthuy555@gmail.com',2,'441689955c7f51ace2fbafab862c7fa616f9c56d8b3167b54c600f678addd998','8U+Fffo56SvLEdn+BZyDKN3LHRvTFoJP9wK7vQskEp0=',1,1,'1976-05-06 00:00:00','PA69',NULL,'2024-12-11 15:36:25'),(70,'Anh ','Hàng ','Hà nội ','0587878451','tonngocanh888@gmail.com',2,'fe5fdcd257d8beecec419c91c7956026ed71c9fe2ff2a939019b71f838a6dc4d','We97Oge3DnC/DUmBM4Ceo9DubbmzaHcZLSyaTY9Pu8c=',1,1,'1976-05-06 00:00:00','PA70',NULL,'2024-12-11 15:36:28'),(71,'TÝ ','Phèo','Hà nội ','0587878451','phamhoainam999@gmail.com',2,'8556347e94898208854a28458822f388975d13c14db41957411f28e9e889ca6f','vmZzlwIMT5Pp0ITRPRwe924FsEVULkh3WX8FBCOh/WI=',1,1,'1976-05-06 00:00:00','PA71',NULL,'2024-12-11 15:36:33'),(72,'Tùng ','Lâm','Hà nội ','0587878451','nguyenthaomai1010@gmail.com',2,'3ed4b9b2dd67f99f0e084510531e282002037376bfcb5bcb737c5273abd34783','qEwXfqSanMOaXZuXC17VsKAWTYiVxg/p7HRjiATEWSs=',1,1,'1976-05-06 00:00:00','PA72',NULL,'2024-12-11 15:36:37'),(73,'Phi ','Lê','Hà nội ','0587878451','vuquanghuy1212@gmail.com',2,'5fd4203e6959a0eb2046030a60babb38d89dec5f5026a9f6b2bbd68631e708fd','VB5bpwigJhG9bnrtDKd6/9BFgOq2wgNLCzObzGXdyHA=',1,1,'1976-05-06 00:00:00','PA73',NULL,'2024-12-11 15:36:42'),(74,'Kim ','Dung','Hà nội ','0587878451','buithuha1234@gmail.com',2,'d367a00bdd4caed2d45e6f289311021120dd3993b6c53d37da9007a036f28f4a','ngevdpfzyysXcLZVn60+xgi1m50eV8jGapFCccoNRMc=',1,1,'1976-05-06 00:00:00','PA74',NULL,'2024-12-11 15:36:47'),(75,'Đạt ','Phí ','Hà nội ','0587878451','nguyenductuan7890@gmail.com',2,'7cdefec6a9ff6dcbfa15343b547e7ba11a4413778b1b29628a9b0f0e31207787','2+wpSeTXeUCXw9FDRQ8QchWfY3OSQxiZ1QR66Wz63Yc=',1,1,'1976-05-06 00:00:00','PA75',NULL,'2024-12-11 15:36:51'),(76,'Tiến ','Đạt','Hà nội ','0587878451','tranhoanganh2222@gmail.com',2,'ab9f6d2c7b16448288d8a7c877540ac8f92d9b8867f12ad413dee7fa83ffb48c','XPCxfGvNYnhMmh4X5/oUK8i918Rr0+iaIUUPguQmxnI=',1,1,'1976-05-06 00:00:00','PA76',NULL,'2024-12-11 15:36:55'),(77,'Phi ','Nhung','Hà nội ','0587878451','dohoangphuc3333@gmail.com',2,'397d3cd6ab2a16ff8fd2ddf3f9096cfb701819aa4fe4b479f5aeb9a32a2c6616','pZa2DR0oCVjHXyidwTx6zsjvlyOP7sS48ar8sNfcfB4=',1,1,'1976-05-06 00:00:00','PA77',NULL,'2024-12-11 15:36:59'),(78,'Tuấn ','Hưng','Hà nội ','0587878451','lethuhoa4444@gmail.com',2,'57f3f0a1269d36e03d0a9eb7a3cb64bbe23865f6c01b15e75079a85dc8475e1a','TxRK4bL12ePt+c5mwtPOstkNvtnJYOBsU8+vcPTFW0k=',1,1,'1976-05-06 00:00:00','PA78',NULL,'2024-12-11 15:37:04'),(79,'HƯng','Tuấn  ','Hà nội ','0587878451','phamthuytrang5555@gmail.com',2,'0ec6e66e618e4174cf121e960d8e2ec704deb04547a00f119ef3de2ef1cf5ddf','aS04vQmPyDtC5prQjReG8ZZ2PIPeWu3s8KPLp1rXzdU=',1,1,'1976-05-06 00:00:00','PA79',NULL,'2024-12-11 15:37:08'),(80,'Thái ','Đào','Hà nội ','0587878451','vuonghongha6666@gmail.com',2,'6e048b7a90638bf8b084d18a2df674b103a0186b6f8cd7032ccb39d5786615fa','g/UR2z8BSLjgm1cvN3qGgb66FCvCbutC/6ijy2AKm5Y=',1,1,'1976-05-06 00:00:00','PA80',NULL,'2024-12-11 15:37:12'),(81,'Mai','Tiêm','Hà nội ','0587878451','nguyenmanhhung7777@gmail.com',2,'5e1044d0f767a3ce7b174d8c40809afeb91ba2f6de45c025afa13cbb6b82671d','sy2Se2BjnkX/VzHLUUhNySr40/YfcBXLBEFWmle+XLk=',1,1,'1976-05-06 00:00:00','PA81',NULL,'2024-12-11 15:37:19'),(82,'Đào ','Tiên','Hà nội ','0587878451','hoangthuhien8888@gmail.com',2,'c2449d67d825bc04820457fbf0f2be0391078eedad629d6f042eeabeba8e6a13','J4dKOtt5rv7QBP7q4LU6NhUeqDO2ecAlNUnuPMTayD4=',1,1,'1976-05-06 00:00:00','PA82',NULL,'2024-12-11 15:37:23'),(83,'Tiên ','Hoàng','Hà nội ','0587878451','tranvietlong9999@gmail.com',2,'4a13d5d5d71dee6f3a03150ab516914c040d3f6569f4884bda900cd30b30af22','uZCxYxKc4vD+z8FljIimNRFM7yD16o5hYzyA0AtdRAc=',1,1,'1976-05-06 00:00:00','PA83',NULL,'2024-12-11 15:37:28'),(84,'Đa','Đa','Hà nội ','0587878451','nguyenvanhieu123@gmail.com',2,'8999552c81fd778cf8d5c7a45d91dc67ad7356bb9beb1e2d0d22021b18efeceb','sR6iFbin0wnYOy2bczVUxoRc6mB1blQshA9dO3MCbOk=',1,1,'1976-05-06 00:00:00','PA84',NULL,'2024-12-11 15:37:31'),(85,'Triều ','Thủy','Hà nội ','0587878451','phamthanhha246@gmail.com',2,'31ec2d3defe459419cbe91c8a6ce37beaa62c5d7326f02db7eadf1ece8b439c0','96SZPtAIgovK5fm2tFhu/Q5W8/2Xk8Qjna3yWxEPL14=',1,1,'1976-05-06 00:00:00','PA85',NULL,'2024-12-11 15:37:35'),(86,'Hà','Thi','Hà nội ','0587878451','buiminhhieu369@gmail.com',2,'012d1574b34ccc0637cb614bfc3ec09aea43ec2b1c60f2e855230701b71a4722','HV+aXDqvxVwhezElHBPkuZDRadgg8io/uWR5rpofiRY=',1,1,'1976-05-06 00:00:00','PA86',NULL,'2024-12-11 15:37:39'),(87,'Kha','Vụ','Hà nội ','0587878451','tranquangngoc789@gmail.com',2,'31d6000578eea102250d937a0aecab91a10a518b4e79f3e60b5bc5244a1a3ea0','giWuoqgGhV0dMRE9traoJsNQ9/pDMsinEzB6FcesJ6I=',1,1,'1976-05-06 00:00:00','PA87',NULL,'2024-12-11 15:37:43'),(88,'Hoàng','Đa','Hà nội ','0587878451','lehoanganh101@gmail.com',2,'7db7309d6a0a325d0944303e2dc85bc8971c8006636d746ee147e52484403775','stpwAN8EltYXWu5CT3oFG8d1vHMGxyjPMZXkG3bYmpQ=',1,1,'1976-05-06 00:00:00','PA88',NULL,'2024-12-11 15:37:48'),(89,'Triều ','Phi ','Hà nội ','0587878451','ngothutran555@gmail.com',2,'35c8f903223e118f8f2485f9986d6571035e97d9bd9990668da65326b2e60562','6vOJLAuESZAfay6LJGVkJG/YfhNbcvdWl0mtHxS+Ycw=',1,1,'1976-05-06 00:00:00','PA89',NULL,'2024-12-11 15:37:51'),(90,'Đa','Hoàng','Hà nội ','0587878451','phamhoaituan888@gmail.com',2,'507c4e77d0337da873c3a9bcddb2a0a400e20745be823526213521c53c4416f5','Xg+boHiRooh3F+ydqOzcYtpfjvSXsXUhtz8kynx2Dtg=',1,1,'1976-05-06 00:00:00','PA90',NULL,'2024-12-11 15:37:56'),(91,'Tiên','Lâm','Hà nội ','0587878451','nguyenkhanhlinh999@gmail.com',2,'fc42a504d6e12c1d57b769331bf9fe522f4b4a286c79621338f13f4b390e6405','SL5/NJdgSjb3Rm2guR/bwVtpCzIoMKOwab1FQvaNWwM=',1,1,'1976-05-06 00:00:00','PA91',NULL,'2024-12-11 15:38:00'),(92,'Phi ','Hà','Hà nội ','0587878451','hoangminhtrang1010@gmail.com',2,'a6a3d3e023c0b438d6581a853aeef8e82ac40ed77d5b9cb41c6d54447f110f27','jfaoI++7/TcmyZoYfY5G5akUw2HrZ3saDPNHrByRHkE=',1,1,'1976-05-06 00:00:00','PA92',NULL,'2024-12-11 15:38:04'),(93,'Triều ','Phi ','Hà nội ','0587878451','lequangvinh1212@gmail.com',2,'0ea7d13e378173809d7d47fc5c8f7e37ea02d9ef34500f27521f052ed7442187','MyMUTujMcwrXrGSe8weeQK6fouIVyfT0zEQkEv7JU8Q=',1,1,'1976-05-06 00:00:00','PA93',NULL,'2024-12-11 15:38:09'),(94,'Tuấn ','Kha','Hà nội ','0587878451','johnsmith@gmail.com',2,'3716080de6dba4a380190d82fd0eaa8c4c52f249842a66c76154861e1b56d4cc','XmIJCxwS694DW92M/PG9Q9cRIFyzz2g6J5E10O8m3YU=',1,1,'1976-05-06 00:00:00','PA94',NULL,'2024-12-11 21:29:12'),(95,'Triều ','Lâm','Hà nội ','0587878451','emilybrown@yahoo.com',2,'800cd9c49b55bd6750cefb5a5712d62a3cfa3f1da590f1a0915e4af9102fac44','t12w1kL80uY24ja1rmDDhsz/qNLSNyl95JSigbWvmkQ=',1,1,'1976-05-06 00:00:00','PA95',NULL,'2024-12-11 21:29:19'),(96,'Kha','Phi ','Hà nội ','0587878451','michaeljones@outlook.com',2,'83581ea08e3e9a097ca49dc4dfb159249f7cc7f4ed4c5be4a133bfe7524b7293','qBGJE72PVUBjBbx7MmSt+xALulWEp43BirsVGd/txPc=',1,1,'1976-05-06 00:00:00','PA96',NULL,'2024-12-11 21:29:24'),(97,'Hà','Tiên','Hà nội ','0587878451','sarahlee@domain.com',2,'f375147605dde6486ac7dca3eb39b63759ed4a93b010335212604dfb3466a9e7','x9RC0PzoAxA11/2GvY/NpQiNgvfLr4Axmherka6m414=',1,1,'1976-05-06 00:00:00','PA97',NULL,'2024-12-11 21:29:28'),(98,'HƯng','Kim ','Hà nội ','0587878451','davidwilson@hotmail.com',2,'0df4212c2bad1d1339776d926b56eed9067ba35eaca6fd698a2c39ccb8d5831c','UjsDj/OJRMmaPbKISQauRdxa70xwSQmtevLFdYFV6Rg=',1,1,'1976-05-06 00:00:00','PA98',NULL,'2024-12-11 21:29:33'),(99,'Hà','Triều ','Hà nội ','0587878451','annajohnson@abc.com',2,'6ea400862883a24b5db901aaab71e232599bb25acd913204d7130c9b207f5994','ap7ETHS7phZUf8wq7sIS5K02G2fIQq3UL7npSZR2h/Y=',1,1,'1976-05-06 00:00:00','PA99',NULL,'2024-12-11 21:29:37'),(100,'Lâm','HƯng','Hà nội ','0587878451','jamesmartin@xyz.com',2,'cecec57cca2a1b8aaa23feb4abbfe721a2243c66fed71bec824cacc3c44cee1e','e6+gkKZbN0K1GhcgJH4M/ppMPK2mfqINwrt+1UfPazo=',1,1,'1976-05-06 00:00:00','PA100',NULL,'2024-12-11 21:29:42'),(101,'Kim ','Phi ','Hà nội ','0587878451','lindawhite@mail.com',2,'9cb93209b81ce15eb2bfdb199d9a0aa6e0cf329903652e473457eea1bf380b8c','/7SHqqAu0qY5VPoNGEIMtNbewSkKTJs/D1ZzMcVHBCo=',1,1,'1976-05-06 00:00:00','PA101',NULL,'2024-12-11 21:29:47'),(102,'Trung Hieu','Triều ','Hà nội ','0587878451','robertthomas@mydomain.com',2,'1bdce6ede4db18e114f5911f66f62dc1ce21255a71e4e8e5f52dc7f947e8e0cd','ySQIyLGgySE0XGTEkDrJ8EPf3GvNv18T0HQCZc713h4=',1,1,'1976-05-06 00:00:00','PA102',NULL,'2024-12-11 21:29:51'),(103,'Triều ','Tiên','Hà nội ','0587878451','patriciahall@work.com',2,'c26f55ac496aecc33059fde41e2aa84ffe02012366ec03dbe65e079a06784ae5','vpFG2Umjc8VQsO7IzdHic4q/l4Ul1fQFDronsErSAoU=',1,1,'1976-05-06 00:00:00','PA103',NULL,'2024-12-11 21:29:57'),(104,'Trung Hieu','Tuấn ','Hà nội ','0587878451','williammoore@gmail.com',2,'6af5770d12bd348641144fbf2da2b976868c83a9aa77891ecc96c3712543b6a2','rbuQhdEd1Wzbvz6JZN69M9glRJt/ElPSF6jU4Q6skwQ=',1,1,'1976-05-06 00:00:00','PA104',NULL,'2024-12-11 21:30:03'),(105,'Trung Hieu','Phi ','Hà nội ','0587878451','jenniferclark@yahoo.com',2,'2b84546543cea2575d9fa1f3bac6cefb72d5b9a7db1ce165ce6b2563cbcf6a54','Rkoz7OG1WROaMkw8oNQtC4+zNJdEhS0GOcVBGU9/qBk=',1,1,'1976-05-06 00:00:00','PA105',NULL,'2024-12-11 21:30:08'),(106,'Triều ','Phi ','Hà nội ','0587878451','charlesyoung@outlook.com',2,'d792002a8e420effa87a4fd8f7344c76d0ff4ae00346271dd82d8da405fdafd6','2HB7ss6gqEr9AJAkiJJ9YwUdnX9XRHZ0RzDF/Vn1exg=',1,1,'1976-05-06 00:00:00','PA106',NULL,'2024-12-11 21:30:13'),(107,'Bách ','Triều ','Hà nội ','0587878451','elizabethking@domain.com',2,'1dcdc2a97e779dab0b163d1b592ce3f851a7b74eaf39f132b38659523b6ac50e','sQLaLvDBugvjjpT84jfPODRB+zk7w5BKC2HFSHW3gVg=',1,1,'1976-05-06 00:00:00','PA107',NULL,'2024-12-11 21:30:17');
/*!40000 ALTER TABLE `user` ENABLE KEYS */;
UNLOCK TABLES;

--
-- Table structure for table `usernotifications`
--

DROP TABLE IF EXISTS `usernotifications`;
/*!40101 SET @saved_cs_client     = @@character_set_client */;
/*!50503 SET character_set_client = utf8mb4 */;
CREATE TABLE `usernotifications` (
  `UserNotificationID` int NOT NULL AUTO_INCREMENT,
  `UserID` int NOT NULL,
  `NotificationID` int NOT NULL,
  `Status` varchar(50) NOT NULL DEFAULT 'unread',
  `ReadAt` datetime DEFAULT NULL,
  PRIMARY KEY (`UserNotificationID`),
  KEY `UserID` (`UserID`),
  KEY `NotificationID` (`NotificationID`),
  CONSTRAINT `usernotifications_ibfk_1` FOREIGN KEY (`UserID`) REFERENCES `user` (`UserID`) ON DELETE CASCADE,
  CONSTRAINT `usernotifications_ibfk_2` FOREIGN KEY (`NotificationID`) REFERENCES `notifications` (`NotificationID`) ON DELETE CASCADE
) ENGINE=InnoDB AUTO_INCREMENT=276 DEFAULT CHARSET=utf8mb4 COLLATE=utf8mb4_0900_ai_ci;
/*!40101 SET character_set_client = @saved_cs_client */;

--
-- Dumping data for table `usernotifications`
--

LOCK TABLES `usernotifications` WRITE;
/*!40000 ALTER TABLE `usernotifications` DISABLE KEYS */;
INSERT INTO `usernotifications` VALUES (46,44,4,'Readed','2024-12-12 16:43:10'),(47,46,4,'Readed','2024-12-12 16:43:10'),(48,47,4,'Readed','2024-12-12 16:43:10'),(49,68,4,'Readed','2024-12-12 16:43:10'),(50,69,4,'Readed','2024-12-12 16:43:10'),(51,70,4,'Readed','2024-12-12 16:43:10'),(52,71,4,'Readed','2024-12-12 16:43:10'),(53,72,4,'Readed','2024-12-12 16:43:10'),(54,73,4,'Readed','2024-12-12 16:43:10'),(55,74,4,'Readed','2024-12-12 16:43:10'),(56,75,4,'Readed','2024-12-12 16:43:10'),(57,76,4,'Readed','2024-12-12 16:43:10'),(58,77,4,'Readed','2024-12-12 16:43:10'),(59,78,4,'Readed','2024-12-12 16:43:10'),(60,79,4,'Readed','2024-12-12 16:43:10'),(61,80,4,'Readed','2024-12-12 16:43:10'),(62,81,4,'Readed','2024-12-12 16:43:10'),(63,82,4,'Readed','2024-12-12 16:43:10'),(64,83,4,'Readed','2024-12-12 16:43:10'),(65,84,4,'Readed','2024-12-12 16:43:10'),(66,85,4,'Readed','2024-12-12 16:43:10'),(67,86,4,'Readed','2024-12-12 16:43:10'),(68,87,4,'Readed','2024-12-12 16:43:10'),(69,88,4,'Readed','2024-12-12 16:43:10'),(70,89,4,'Readed','2024-12-12 16:43:10'),(71,90,4,'Readed','2024-12-12 16:43:10'),(72,91,4,'Readed','2024-12-12 16:43:10'),(73,92,4,'Readed','2024-12-12 16:43:10'),(74,93,4,'Readed','2024-12-12 16:43:10'),(75,94,4,'Readed','2024-12-12 16:43:10'),(76,95,4,'Readed','2024-12-12 16:43:10'),(77,96,4,'Readed','2024-12-12 16:43:10'),(78,97,4,'Readed','2024-12-12 16:43:10'),(79,98,4,'Readed','2024-12-12 16:43:10'),(80,99,4,'Readed','2024-12-12 16:43:10'),(81,100,4,'Readed','2024-12-12 16:43:10'),(82,101,4,'Readed','2024-12-12 16:43:10'),(83,102,4,'Readed','2024-12-12 16:43:10'),(84,103,4,'Readed','2024-12-12 16:43:10'),(85,104,4,'Readed','2024-12-12 16:43:10'),(86,105,4,'Readed','2024-12-12 16:43:10'),(87,106,4,'Readed','2024-12-12 16:43:10'),(88,107,4,'Readed','2024-12-12 16:43:10'),(89,48,5,'Readed','2024-12-12 16:43:16'),(90,50,5,'Readed','2024-12-12 16:43:16'),(91,51,5,'Readed','2024-12-12 16:43:16'),(92,52,5,'Readed','2024-12-12 16:43:16'),(93,53,5,'Readed','2024-12-12 16:43:16'),(94,55,5,'Readed','2024-12-12 16:43:16'),(95,56,5,'Readed','2024-12-12 16:43:16'),(96,57,5,'Readed','2024-12-12 16:43:16'),(97,58,5,'Readed','2024-12-12 16:43:16'),(98,59,5,'Readed','2024-12-12 16:43:16'),(99,60,5,'Readed','2024-12-12 16:43:16'),(100,61,5,'Readed','2024-12-12 16:43:16'),(101,62,5,'Readed','2024-12-12 16:43:16'),(102,63,5,'Readed','2024-12-12 16:43:16'),(103,64,5,'Readed','2024-12-12 16:43:16'),(104,65,5,'Readed','2024-12-12 16:43:16'),(105,66,5,'Readed','2024-12-12 16:43:16'),(106,67,5,'Readed','2024-12-12 16:43:16'),(107,48,6,'Readed','2024-12-12 16:46:19'),(108,50,6,'Readed','2024-12-12 16:46:19'),(109,51,6,'Readed','2024-12-12 16:46:19'),(110,52,6,'Readed','2024-12-12 16:46:19'),(111,53,6,'Readed','2024-12-12 16:46:19'),(112,55,6,'Readed','2024-12-12 16:46:19'),(113,56,6,'Readed','2024-12-12 16:46:19'),(114,57,6,'Readed','2024-12-12 16:46:19'),(115,58,6,'Readed','2024-12-12 16:46:19'),(116,59,6,'Readed','2024-12-12 16:46:19'),(117,60,6,'Readed','2024-12-12 16:46:19'),(118,61,6,'Readed','2024-12-12 16:46:19'),(119,62,6,'Readed','2024-12-12 16:46:19'),(120,63,6,'Readed','2024-12-12 16:46:19'),(121,64,6,'Readed','2024-12-12 16:46:19'),(122,65,6,'Readed','2024-12-12 16:46:19'),(123,66,6,'Readed','2024-12-12 16:46:19'),(124,67,6,'Readed','2024-12-12 16:46:19'),(125,44,7,'Readed','2024-12-12 16:46:38'),(126,46,7,'Readed','2024-12-12 16:46:38'),(127,47,7,'Readed','2024-12-12 16:46:38'),(128,68,7,'Readed','2024-12-12 16:46:38'),(129,69,7,'Readed','2024-12-12 16:46:38'),(130,70,7,'Readed','2024-12-12 16:46:38'),(131,71,7,'Readed','2024-12-12 16:46:38'),(132,72,7,'Readed','2024-12-12 16:46:38'),(133,73,7,'Readed','2024-12-12 16:46:38'),(134,74,7,'Readed','2024-12-12 16:46:38'),(135,75,7,'Readed','2024-12-12 16:46:38'),(136,76,7,'Readed','2024-12-12 16:46:38'),(137,77,7,'Readed','2024-12-12 16:46:38'),(138,78,7,'Readed','2024-12-12 16:46:38'),(139,79,7,'Readed','2024-12-12 16:46:38'),(140,80,7,'Readed','2024-12-12 16:46:38'),(141,81,7,'Readed','2024-12-12 16:46:38'),(142,82,7,'Readed','2024-12-12 16:46:38'),(143,83,7,'Readed','2024-12-12 16:46:38'),(144,84,7,'Readed','2024-12-12 16:46:38'),(145,85,7,'Readed','2024-12-12 16:46:38'),(146,86,7,'Readed','2024-12-12 16:46:38'),(147,87,7,'Readed','2024-12-12 16:46:38'),(148,88,7,'Readed','2024-12-12 16:46:38'),(149,89,7,'Readed','2024-12-12 16:46:38'),(150,90,7,'Readed','2024-12-12 16:46:38'),(151,91,7,'Readed','2024-12-12 16:46:38'),(152,92,7,'Readed','2024-12-12 16:46:38'),(153,93,7,'Readed','2024-12-12 16:46:38'),(154,94,7,'Readed','2024-12-12 16:46:38'),(155,95,7,'Readed','2024-12-12 16:46:38'),(156,96,7,'Readed','2024-12-12 16:46:38'),(157,97,7,'Readed','2024-12-12 16:46:38'),(158,98,7,'Readed','2024-12-12 16:46:38'),(159,99,7,'Readed','2024-12-12 16:46:38'),(160,100,7,'Readed','2024-12-12 16:46:38'),(161,101,7,'Readed','2024-12-12 16:46:38'),(162,102,7,'Readed','2024-12-12 16:46:38'),(163,103,7,'Readed','2024-12-12 16:46:38'),(164,104,7,'Readed','2024-12-12 16:46:38'),(165,105,7,'Readed','2024-12-12 16:46:38'),(166,106,7,'Readed','2024-12-12 16:46:38'),(167,107,7,'Readed','2024-12-12 16:46:38'),(168,49,8,'Readed','2024-12-12 16:46:51'),(169,45,9,'Readed','2024-12-12 16:46:53'),(170,44,10,'Readed','2024-12-12 16:48:02'),(171,46,10,'Readed','2024-12-12 16:48:02'),(172,47,10,'Readed','2024-12-12 16:48:02'),(173,68,10,'Readed','2024-12-12 16:48:02'),(174,69,10,'Readed','2024-12-12 16:48:02'),(175,70,10,'Readed','2024-12-12 16:48:02'),(176,71,10,'Readed','2024-12-12 16:48:02'),(177,72,10,'Readed','2024-12-12 16:48:02'),(178,73,10,'Readed','2024-12-12 16:48:02'),(179,74,10,'Readed','2024-12-12 16:48:02'),(180,75,10,'Readed','2024-12-12 16:48:02'),(181,76,10,'Readed','2024-12-12 16:48:02'),(182,77,10,'Readed','2024-12-12 16:48:02'),(183,78,10,'Readed','2024-12-12 16:48:02'),(184,79,10,'Readed','2024-12-12 16:48:02'),(185,80,10,'Readed','2024-12-12 16:48:02'),(186,81,10,'Readed','2024-12-12 16:48:02'),(187,82,10,'Readed','2024-12-12 16:48:02'),(188,83,10,'Readed','2024-12-12 16:48:02'),(189,84,10,'Readed','2024-12-12 16:48:02'),(190,85,10,'Readed','2024-12-12 16:48:02'),(191,86,10,'Readed','2024-12-12 16:48:02'),(192,87,10,'Readed','2024-12-12 16:48:02'),(193,88,10,'Readed','2024-12-12 16:48:02'),(194,89,10,'Readed','2024-12-12 16:48:02'),(195,90,10,'Readed','2024-12-12 16:48:02'),(196,91,10,'Readed','2024-12-12 16:48:02'),(197,92,10,'Readed','2024-12-12 16:48:02'),(198,93,10,'Readed','2024-12-12 16:48:02'),(199,94,10,'Readed','2024-12-12 16:48:02'),(200,95,10,'Readed','2024-12-12 16:48:02'),(201,96,10,'Readed','2024-12-12 16:48:02'),(202,97,10,'Readed','2024-12-12 16:48:02'),(203,98,10,'Readed','2024-12-12 16:48:02'),(204,99,10,'Readed','2024-12-12 16:48:02'),(205,100,10,'Readed','2024-12-12 16:48:02'),(206,101,10,'Readed','2024-12-12 16:48:02'),(207,102,10,'Readed','2024-12-12 16:48:02'),(208,103,10,'Readed','2024-12-12 16:48:02'),(209,104,10,'Readed','2024-12-12 16:48:02'),(210,105,10,'Readed','2024-12-12 16:48:02'),(211,106,10,'Readed','2024-12-12 16:48:02'),(212,107,10,'Readed','2024-12-12 16:48:02'),(213,49,11,'Readed','2024-12-12 16:48:03'),(214,45,12,'Readed','2024-12-12 16:48:05'),(215,48,13,'Readed','2024-12-12 16:48:07'),(216,50,13,'Readed','2024-12-12 16:48:07'),(217,51,13,'Readed','2024-12-12 16:48:07'),(218,52,13,'Readed','2024-12-12 16:48:07'),(219,53,13,'Readed','2024-12-12 16:48:07'),(220,55,13,'Readed','2024-12-12 16:48:07'),(221,56,13,'Readed','2024-12-12 16:48:07'),(222,57,13,'Readed','2024-12-12 16:48:07'),(223,58,13,'Readed','2024-12-12 16:48:07'),(224,59,13,'Readed','2024-12-12 16:48:07'),(225,60,13,'Readed','2024-12-12 16:48:07'),(226,61,13,'Readed','2024-12-12 16:48:07'),(227,62,13,'Readed','2024-12-12 16:48:07'),(228,63,13,'Readed','2024-12-12 16:48:07'),(229,64,13,'Readed','2024-12-12 16:48:07'),(230,65,13,'Readed','2024-12-12 16:48:07'),(231,66,13,'Readed','2024-12-12 16:48:07'),(232,67,13,'Readed','2024-12-12 16:48:07'),(233,44,14,'Readed','2024-12-12 16:51:22'),(234,46,14,'Readed','2024-12-12 16:51:22'),(235,47,14,'Readed','2024-12-12 16:51:22'),(236,68,14,'Readed','2024-12-12 16:51:22'),(237,69,14,'Readed','2024-12-12 16:51:22'),(238,70,14,'Readed','2024-12-12 16:51:22'),(239,71,14,'Readed','2024-12-12 16:51:22'),(240,72,14,'Readed','2024-12-12 16:51:22'),(241,73,14,'Readed','2024-12-12 16:51:22'),(242,74,14,'Readed','2024-12-12 16:51:22'),(243,75,14,'Readed','2024-12-12 16:51:22'),(244,76,14,'Readed','2024-12-12 16:51:22'),(245,77,14,'Readed','2024-12-12 16:51:22'),(246,78,14,'Readed','2024-12-12 16:51:22'),(247,79,14,'Readed','2024-12-12 16:51:22'),(248,80,14,'Readed','2024-12-12 16:51:22'),(249,81,14,'Readed','2024-12-12 16:51:22'),(250,82,14,'Readed','2024-12-12 16:51:22'),(251,83,14,'Readed','2024-12-12 16:51:22'),(252,84,14,'Readed','2024-12-12 16:51:22'),(253,85,14,'Readed','2024-12-12 16:51:22'),(254,86,14,'Readed','2024-12-12 16:51:22'),(255,87,14,'Readed','2024-12-12 16:51:22'),(256,88,14,'Readed','2024-12-12 16:51:22'),(257,89,14,'Readed','2024-12-12 16:51:22'),(258,90,14,'Readed','2024-12-12 16:51:22'),(259,91,14,'Readed','2024-12-12 16:51:22'),(260,92,14,'Readed','2024-12-12 16:51:22'),(261,93,14,'Readed','2024-12-12 16:51:22'),(262,94,14,'Readed','2024-12-12 16:51:22'),(263,95,14,'Readed','2024-12-12 16:51:22'),(264,96,14,'Readed','2024-12-12 16:51:22'),(265,97,14,'Readed','2024-12-12 16:51:22'),(266,98,14,'Readed','2024-12-12 16:51:22'),(267,99,14,'Readed','2024-12-12 16:51:22'),(268,100,14,'Readed','2024-12-12 16:51:22'),(269,101,14,'Readed','2024-12-12 16:51:22'),(270,102,14,'Readed','2024-12-12 16:51:22'),(271,103,14,'Readed','2024-12-12 16:51:22'),(272,104,14,'Readed','2024-12-12 16:51:22'),(273,105,14,'Readed','2024-12-12 16:51:22'),(274,106,14,'Readed','2024-12-12 16:51:22'),(275,107,14,'Readed','2024-12-12 16:51:22');
/*!40000 ALTER TABLE `usernotifications` ENABLE KEYS */;
UNLOCK TABLES;
/*!40103 SET TIME_ZONE=@OLD_TIME_ZONE */;

/*!40101 SET SQL_MODE=@OLD_SQL_MODE */;
/*!40014 SET FOREIGN_KEY_CHECKS=@OLD_FOREIGN_KEY_CHECKS */;
/*!40014 SET UNIQUE_CHECKS=@OLD_UNIQUE_CHECKS */;
/*!40101 SET CHARACTER_SET_CLIENT=@OLD_CHARACTER_SET_CLIENT */;
/*!40101 SET CHARACTER_SET_RESULTS=@OLD_CHARACTER_SET_RESULTS */;
/*!40101 SET COLLATION_CONNECTION=@OLD_COLLATION_CONNECTION */;
/*!40111 SET SQL_NOTES=@OLD_SQL_NOTES */;

-- Dump completed on 2024-12-13  1:51:24
